dwc:taxonID	dwc:occurrenceStatus	dwc:locationID	dwc:locality	dwc:countryCode	dcterms:source
ca4b69b0-40be-4eec-8cac-d883b8703cfd	native		Neotropical region		
8c5a66c3-d283-438a-b647-1f99ab80a709	native		Neotropical region		
0d07040b-03ae-4ef8-a05b-3d95c9dfe4e9	native		West Palearctic region		
b71352e9-5c0a-4a2b-acac-6ad54b4303da	native		West Palearctic region		
246c4a8c-27c1-4c54-b38e-3f6025f85df6	native		Neotropical region		
cd3dbc79-5ee2-45b9-96c5-362e920e1fdb	native		Neotropical region		
c6a71255-84fb-4820-97a4-5ed76efbde0b	native		West Palearctic region		
b2f9c811-0039-4a54-84ba-ba5bd7fb3a91	native		Nearctic region		
70099b2a-0f4e-4767-8edb-185d7fca2f90	native		East Palearctic region		
4014eadd-2977-4317-ade9-c6382671941f	native		West Palearctic region		
573fd633-19a0-4a18-a5a4-673f87712f39	native		Nearctic region		
2b706f55-11e0-4947-a923-6e94f134f50f	native		Australian and Pacific regions		
53b316ba-3f66-4b7a-82c5-40a7bd083ba1	native		Neotropical region		
daf2c2ae-5c13-4de0-8fe7-18b766b1e51f	native		West Palearctic region		
f0453d41-d7ca-4625-a1c9-2aa80fe4f2a1	native		Neotropical region		
9050dc48-75a2-42c7-bf6f-064de22e165e	native		West Palearctic region		
45e48468-a8ae-4abc-af4f-ef7097d3a638	native		Neotropical region		
165a25f9-b8dd-4892-89ae-c4985d8d50cb	native		West Palearctic region (fossil)		
e58ebae0-541e-4bf4-baac-62eaa116e796	native		Afrotropical region		
6c158620-f164-4461-b9b1-a54042fa4d97	native		Nearctic region		
4653691e-bfeb-45c1-aff3-e78d805bf4a4	native		Oriental region		
52a48ae8-e747-4c7d-898d-6a7fce892bc9	native		Australian and Pacific regions		
781515a6-9a7c-44f2-84af-62b047c78137	native		West Palearctic region		
5d3e0392-51eb-4795-b2e4-b36a447e27c3	native		West Palearctic region, [Nearctic region]		
75ab7b09-91e0-460c-a03b-f0f28e16e4d4	native		Australian and Pacific regions		
ad1bdd83-81b2-49d1-86cd-6035bd94a797	native		Neotropical region		
2023387a-83b6-4f26-ade6-0fadab2c385f	native		Neotropical region		
3d457f20-269a-4457-8467-086323bd281f	native		Neotropical region		
220fd3d7-a809-48d3-9fe4-2bde14230614	native		East Palearctic region		
9acc1d7c-657c-4e03-912d-3cf252aa52c2	native		Neotropical region		
876410b1-1829-4fde-b2f4-49fb81d23345	native		West Palearctic region (fossil)		
9aa469e0-c524-47a0-8466-fa43b4091441	native		Neotropical region		
4ab011f8-dcfc-44ec-b20c-bab682017f97	native		West Palearctic region		
5ebcd984-9c22-4b78-952a-721f8b08ac43	native		Neotropical region		
6fd4ae96-08f5-42dd-b895-18cf18b2c478	native		Afrotropical region		
8d5070de-875e-4f0e-a10d-1a34f6188996	native		Neotropical region		
0774ee79-96ea-48e7-9e79-b1ee8865700c	native		Australian and Pacific regions		
0b3df1d7-598f-4ece-aa81-39cb839fd81c	native		Afrotropical region		
3b685f08-1a5a-4fbf-8758-e44f8534c5aa	native		Australian and Pacific regions		
b1ddea24-6d83-4c56-ae38-980c39ab9214	native		Afrotropical region		
dcd29798-65b2-4651-85f6-46cd333b2584	native		Neotropical region		
69dc8776-2989-4a95-bb1d-2e57adc1b6a6	native		Oriental region		
c6d05807-f594-4187-9331-0b8578d60935	native		Afrotropical region		
0dbdfbea-a01c-4705-8c10-7e94b13fdfde	native		East Palearctic region		
8250e6aa-7e73-4da3-8fb1-20c3e85a8ea5	native		Neotropical region		
8b6bd569-1460-423c-8e9c-0cd31c26a30a	native		West Palearctic region		
f8082dcf-a354-4730-9d5e-5baca27766c6	native		Neotropical region		
2ecb12d9-f6c3-4292-87f2-298f3a475279	native		Neotropical region		
f550b83e-2e69-49ed-ab48-4dab88213481	native		Nearctic region, Neotropical region		
2c32ad06-0ddf-449a-8321-82e8335f016f	native		Neotropical region		
953e50d0-31c2-45f7-9c1f-4ca2db1ff51b	native		Afrotropical region		
8702812f-1e4d-4a27-8403-0813aa88d96f	native		West Palearctic region		
f70a11cb-ed91-4121-9658-26b0c4f7a2d4	native		Neotropical region		
55ddd226-f852-4aa1-bb8e-8d2fcce28055	native		Neotropical region		
1f5b9f44-ff48-4d3f-8ee9-5873870bbd0d	native		Neotropical region		
9cb5d2f7-d175-4468-be7f-ae63eaa0ab53	native		West Palearctic region, East Palearctic region		
3785c160-88ab-47f1-8f94-43e26e5fdfd3	native		Afrotropical region		
394813ba-40e6-49b5-b12e-8afce7024b04	native		Afrotropical region		
ebdd0b66-6754-408a-91c8-a2e7c54d7fb0	native		Afrotropical region		
4fa974dc-9560-4c36-a074-789065ad00f1	native		West Palearctic region		
77a314f0-1b2c-4c73-ac61-a8af6f0f1993	native		West Palearctic region		
4e873810-36c0-459f-93b7-a35238384ac9	native		West Palearctic region		
a972f3fd-00e8-4090-8231-52b47a12db3b	native		West Palearctic region		
dc5f97a7-870b-4c8f-8418-7939c8fed2ac	native		Australian and Pacific regions		
d3f84751-3925-4a14-a658-6d3e74ad9e4e	native		Afrotropical region		
1c84e079-28fd-4f08-a0d3-4dbc075bfc0b	native		Neotropical region		
241201f5-71c5-42a8-bc5f-06dccc0e8520	native		East Palearctic region		
23a8ed8e-8956-42a4-b63f-296a38bd1d88	native		Neotropical region		
0e24dd0b-139e-4a8f-a90e-a6854b0ddbf6	native		Nearctic region		
4b8f1fb2-be7c-4191-8a2d-2b314b99d90b	native		West Palearctic region		
9ef4ccac-88de-4aa5-8653-e5274bad40bd	native		West Palearctic region		
686cdd36-411d-43cf-be6c-8fbea9f0a495	native		Afrotropical region		
89f4a105-000e-46fc-bc16-4a20a792b2a6	native		West Palearctic region		
f244cbf3-97ba-429b-a1eb-8be77878ebc3	native		West Palearctic region		
52ee5aa2-8b15-4bdd-9bcd-0dfbbbe8cf8e	native		Neotropical region		
60186575-a61b-4823-92e5-1605779012a4	native		Afrotropical region		
4a35f422-8534-4e5b-aaaa-03a43e495665	native		West Palearctic region		
c15b6843-2676-4df5-81c1-16e6abfe4cff	native		Neotropical region		
ba780fb8-561d-474f-b964-e72e97e22738	native		West Palearctic region		
b56828f9-9918-4921-948e-8ed72395c45d	native		West Palearctic region		
24e9d578-4287-4bb7-98db-2b8c335c76eb	native		West Palearctic region		
df15081e-73d6-4cab-b744-7182d9aec34d	native		East Palearctic region		
d2134139-b5fb-4497-83bf-487aa146ab34	native		West Palearctic region		
46539d49-03b0-48a3-b9e0-528aa1daa3ba	native		West Palearctic region		
2eefdd2f-8661-48f7-8b79-e96d1d581a3b	native		West Palearctic region		
4290a975-59f3-45a9-86a5-ac4b2f3fba34	native		Australian and Pacific regions		
0809b6c0-6c66-4f8f-8206-e6453f27597c	native		West Palearctic region, Nearctic region		
7d6e6942-d72c-4b6f-850c-b1cfa5f801bc	native		East Palearctic region		
3252b204-185f-49c6-a71d-1547e3a73976	native		East Palearctic region		
bcd4174c-dda2-43fa-bf1f-f1079f2e81ce	native		West Palearctic region		
d964b3b4-ab03-4c9a-ab6e-16169f804567	native		Afrotropical region		
3f87a9d6-79b9-4371-9713-852250b99f7c	native		Neotropical region		
30b50fa0-a347-4833-b909-af66d43a5722	native		West Palearctic region		
c6fd2e4e-11fc-462d-86b2-fe50bacdabb0	native		West Palearctic region		
5b37bba0-21b5-44f7-8519-e850df61fce9	native		Nearctic region, Neotropical region		
609e0ce6-ad43-4efa-8ef1-a795d230bdc6	native		East Palearctic region		
3094eebf-41ae-4458-a813-6aad6b970900	native		West Palearctic region		
d702dd23-8c61-49d1-80ed-9acc81c4d7ec	native		Oriental region		
53693b0b-ef92-4832-8a16-8975d5729ce0	native		Oriental region		
827d6b7d-59d3-4d92-be7c-9b463470659f	native		Neotropical region		
b51e410a-a833-41c8-91c3-2c1d5e1dbb09	native		Afrotropical region		
ea8600a4-82bd-4a58-bcd0-d1f0cacc82b7	native		East Palearctic region		
eded661a-5dbb-4d69-be85-ee76ab2d3579	native		Neotropical region		
a49dcdcd-3ad9-4708-8df8-a02e5d3d74aa	native		West Palearctic region, East Palearctic region		
7776fa4b-60b7-4024-a8df-7bea309ce798	native		West Palearctic region		
afbea042-9702-42cc-a01c-47819e8a5f8f	native		Oriental region		
e332ab8a-a334-4d31-b5c3-793e18cb6ec5	native		East Palearctic region		
9a22c3c1-76fb-470e-8868-5925530969f6	native		West Palearctic region, East Palearctic region		
8edff757-c06b-467d-b975-d9a1d6599a79	native		West Palearctic region		
9ee5689e-23d1-497b-8073-69726c7b6fe6	native		West Palearctic region		
3cbb554d-2372-410f-a2ea-b6c7aed9142e	native		East Palearctic region (fossil)		
cf109a3f-262d-4868-92a1-e4b44c8f31ec	native		West Palearctic region		
4345fccb-e11d-474f-9a18-d84410e22690	native		West Palearctic region		
14cd77de-9dfb-4749-ab25-4b9c3be2027e	native		Oriental region		
df9dbbeb-ad9e-4d85-8da9-12aba2120bb3	native		Neotropical region		
b2dd0353-5e9b-4664-9336-786bde4d54e2	native		West Palearctic region		
61b15e3e-f7ea-4b4a-8b8c-8436c2fbabf9	native		East Palearctic region		
c8661ac0-3c4d-4c41-a9e5-6705eac7f532	native		Neotropical region		
32678751-66d8-42ee-96ec-d22ded1188bf	native		West Palearctic region		
fda24719-688d-48f1-a7ba-db79e265b122	native		Afrotropical region		
521cf70c-d86d-45be-8db1-93140b258c2b	native		Nearctic region		
07718fdc-b35c-46ee-b802-e229e1b16cdb	native		Afrotropical region		
2ac0a418-9999-4eec-8903-378b7ef2fab4	native		Oriental region		
f61a0268-0f14-4d49-a273-17610a272ba9	native		West Palearctic region		
5e33f195-5c88-474b-98fe-20057aa3b224	native		Afrotropical region		
470996e7-b329-4e22-b8e7-a042c04732d0	native		East Palearctic region		
13a343fc-06c7-45a7-8166-3bba61c28377	native		Neotropical region		
037c2239-d942-4368-aae8-da2e4ba2355b	native		Neotropical region		
1a6fc472-4a56-4f37-a1f3-c5f897990451	native		West Palearctic region		
8cf65b4d-6d03-4e99-8c7a-deab21843b0d	native		Oriental region		
8a9faf59-937e-40a8-a5ba-54281882d597	native		East Palearctic region		
0a501577-39f9-4808-b3cd-880f9625e157	native		Afrotropical region		
bbe5941f-89bc-4a1a-ba4e-b9f198f98bc2	native		Nearctic region		
9614fd44-8d3a-4ef2-a162-22f502398418	native		Oriental region		
4e53f317-3141-4100-9f05-09bd37fb1a31	native		Afrotropical region		
e0ef6bee-700d-4fb8-8244-a34e00ad673c	native		West Palearctic region		
02943fbd-ba1c-4fe1-bf2a-dba4a6e19998	native		Afrotropical region		
3bf8270f-d54f-4b1b-9c6a-e0cf816720cf	native		East Palearctic region		
9e9f7a7e-ddc8-42d3-a2ac-258d63d99b57	native		East Palearctic region		
1de5905b-7d63-442a-9223-a726aec0d338	native		Neotropical region		
86ff6b91-2d9b-4bb9-8bae-4ed9d927a538	native		Afrotropical region		
58a4f490-92f5-4a2b-aab4-4f15a6cdd7b7	native		East Palearctic region		
63c6fa15-c95f-4ca0-87ce-7b1f0cb00e39	native		West Palearctic region		
d33bbeca-bc39-458f-91c1-114b3a9127a4	native		Australian and Pacific regions		
8efb1e4b-756c-46be-870b-f82d9f3b5613	native		Nearctic region		
74b33b3d-e8fd-4fea-8dd8-34383a9546b2	native		Neotropical region		
a0ac3e15-7c95-417b-acda-7473ba9e3807	native		Nearctic region		
e6b156ca-72b5-472d-a5e2-ab79e260a3fd	native		West Palearctic region, East Palearctic region		
076b4f0c-1c15-43da-a7ee-f740cbea42ea	native		Neotropical region		
be0be897-fc1c-4820-8b70-06124e08559a	native		Australian and Pacific regions		
5b2475be-90ed-46f9-8dea-7a8d99d9a288	native		West Palearctic region (fossil)		
83a134a2-47e8-4caa-8ab8-a0546a95e4a9	native		East Palearctic region		
c71f0606-f3d7-4b22-9683-1a5a8df0f234	native		Oriental region		
1be8b3fb-5684-4402-968f-7b68737142c6	native		Neotropical region		
eb39c77e-58c0-4802-8585-f22e81868dc1	native		West Palearctic region		
7b369500-dfd8-4015-a5cd-044060ff10b5	native		Afrotropical region		
48691fde-236f-49c7-8dcc-40d41fd2b063	native		Nearctic region		
d4c22504-aab3-4abb-9fe4-322859279d0f	native		Nearctic region		
258b8d90-9ae5-43e5-9584-35ebba8d8486	native		West Palearctic region		
f706793d-0e9e-4b18-bdef-6232ba0d93c6	native		East Palearctic region		
e702f4c1-1775-409d-b249-e905f7a69c2c	native		West Palearctic region		
e7b839e8-2fe0-4a84-90ea-5a7feebb28fb	native		West Palearctic region		
6ed2c160-d6ed-4ff8-9f25-9ef7aa67168b	native		West Palearctic region		
fec5165b-6cc7-4ee6-b8ba-5d00c4371295	native		Neotropical region		
1ed10c88-bdbb-434e-80d1-7e355f928f71	native		West Palearctic region		
d462b34c-255e-4e2d-baaa-3ac3fea22b58	native		West Palearctic region		
d1aa7fde-c996-4632-bf26-c4d3910bcf86	native		Nearctic region		
6cc82cdd-276b-4f5f-b716-f069d4834ee1	native		Afrotropical region		
0855de37-0cc3-4c79-822e-c55b89f8f9e0	native		Australian and Pacific regions		
2e4c9c44-6d41-46fd-99be-5c08b09efbff	native		West Palearctic region, East Palearctic region		
748311ee-8497-439f-b377-1781b7753020	native		East Palearctic region		
c52c76f8-cd70-40f5-8dd6-5d818befae95	native		Afrotropical region		
3f7cefde-a89f-457d-9e61-b568368b3ccf	native		East Palearctic region		
407bd0cb-44b9-45a3-bcf4-ee02c849f7d5	native		Oriental region		
81661003-d91d-40dc-8e78-2eedbf38a89e	native		West Palearctic region		
ea29145f-f220-4efa-ba23-282dcddc3772	native		West Palearctic region		
740329eb-936e-492e-a20b-66821f3ac4ea	native		West Palearctic region, East Palearctic region		
99cceba0-af28-4bec-aa78-b740556870a7	native		West Palearctic region		
41f8aaec-96e8-4031-8860-3cb1df665c44	native		Neotropical region		
7e83f489-f8c8-4b5a-ae00-8bbc28d5f51d	native		Neotropical region		
819b44e8-f882-4a41-9521-ecda95f6b72d	native		Nearctic region		
62a37c6f023a46dacfe0952f4f5dcc54	native		Neotropical region		
3c64003f-63ea-42d0-a7ef-303d54ae14bc	native		Nearctic region		
0aa73f7c-76f9-4933-9f3a-0955c934b503	native		Australian and Pacific regions		
1a5cf2f7-78aa-448b-8abd-d47e45eff78a	native		Nearctic region		
8f6d6bff-e5f3-481e-b7b3-be1bd92e95e8	native		Nearctic region, Neotropical region		
dbefa873-3efc-4472-a4e9-6f03e45bbbf0	native		East Palearctic region		
4e093337-8afb-4aeb-ada7-2e5120b4c4f0	native		East Palearctic region (fossil)		
d12636c9-84fc-4b68-b3b5-f148908405eb	native		Neotropical region		
32e5e9a0-c0f2-4810-9acd-9857cd9a4e88	native		Neotropical region		
7a1118ca-f91b-49aa-9507-41fc10844cba	native		Afrotropical region		
7f642976-e2a8-4528-bd55-fa8f98602c4e	native		Afrotropical region		
25f1261d-7459-40aa-88db-0bf3aa4fe69d	native		Australian and Pacific regions		
4c47371d-45d8-4c88-aa7f-435c094bcddb	native		Afrotropical region		
674dae03-7c8c-45f4-89bf-0e776d6f79ec	native		Afrotropical region		
b2de18bd-317d-4be5-94aa-513bcef31730	native		Oriental region		
85358099-b222-4aea-9783-b5d961f7ad3e	native		Neotropical region		
83fc9a0d-ce8f-47d7-9388-d0eabbc118c9	native		East Palearctic region		
db4f601d-ea6b-499d-92c3-6df2efbdd255	native		Afrotropical region		
d9a22f77-5899-4cfc-a88c-869f20b84295	native		East Palearctic region		
32189821-72b5-4eb0-aa57-8bba0aa9d383	native		Afrotropical region		
5cfdd540-42db-4a69-b344-c63186a3823a	native		Australian and Pacific regions		
1e50121e-9235-49fb-bb00-11947a39148c	native		West Palearctic region		
456b7cc0-1245-4b93-bd91-6fc467645b3e	native		East Palearctic region		
d7597525-425a-4a7c-bb4f-f285e6beac77	native		West Palearctic region		
ffe47214-865e-49bb-ad78-6ee713e998f2	native		West Palearctic region		
eec74f41-4e4f-412e-8d96-6873378a314c	native		West Palearctic region		
7a11adf9-e6bc-4971-ba3c-703ac86a3af4	native		Neotropical region		
f560f036-51e2-4193-8183-eb3cee139616	native		East Palearctic region		
db571210-0308-4254-977b-d768d6606627	native		West Palearctic region		
c2cb9763-816a-4d66-ad15-a9f4d06595cb	native		Australian and Pacific regions		
1a391111-4fd7-4017-8943-1311029c554e	native		Neotropical region		
5050e926-18e8-46b6-90d7-dd1fe22e38a6	native		Nearctic region		
372ab1c8-df1e-4d12-a611-86817a4a9da4	native		East Palearctic region		
53d5f16f-cff6-4d44-b6b8-84e999ed2191	native		East Palearctic region		
ddaf845a-6b40-42f1-9dcd-a3781427e842	native		West Palearctic region		
234496d9-48b0-4b14-8fe9-cc7e3fe8e390	native		Neotropical region		
8d01048b-115f-4a0a-b763-8df20d37e69a	native		West Palearctic region		
e61b6738-7e0a-481b-abf3-e545dbd235de	native		Neotropical region		
7c943748-0fa8-423d-94fd-132ec93388f4	native		East Palearctic region		
bad30d6e-326d-425c-b576-3d15f83b48d4	native		Neotropical region		
8944eebb-7a76-48b4-a7b2-b4a90ae7b850	native		West Palearctic region		
f137db95-4bbf-4bf5-b95c-0b0dec373c83	native		Neotropical region		
de74c114-5042-4e01-bde4-4e977e853844	native		West Palearctic region		
7483fb46-6efe-420b-bf75-132f5cf85323	native		Nearctic region		
fc653780-cf0d-4d14-adec-3349b08eca18	native		Afrotropical region		
83847f49-7c0e-433b-a308-a21d9643a350	native		West Palearctic region		
2050900d-abda-4c8b-b942-a30d5f325df7	native		West Palearctic region		
ae035d2c-70bd-4e12-870e-5f9af17e589e	native		Neotropical region		
e2ee1eee-acfd-4f6c-ad9c-ce25d845e18d	native		Afrotropical region		
2c49d76b-15c1-45d5-a08b-81910bfb61f6	native		Nearctic region		
0c70a092-a220-4402-950b-dcfbf671a8ae	native		West Palearctic region		
cf0242c9-bc1c-40c7-bc28-f58d3bcb9d49	native		West Palearctic region, [Nearctic region]		
3365c04d-c7a1-4b6d-9e8c-700f5f7f84d4	native		West Palearctic region		
dd6734d8-47dd-4849-a812-978c1b312a8a	native		Nearctic region		
e7ebf1ff-8da5-4c5e-ba35-af4f2b393cf0	native		Afrotropical region		
a27178a1-99af-4a25-95b7-f285211bc721	native		West Palearctic region		
30e93482-7f1f-46b1-9181-477acfaff289	native		Afrotropical region		
574082cc-b655-4b0e-86ae-a0dfa741df2a	native		West Palearctic region		
d4bdba75-0355-4679-9da7-71df1c9b2ba6	native		Australian and Pacific regions		
01a602a5-34f7-44e8-ab4d-dd6f1b2e55ac	native		West Palearctic region		
424ff4b6-4d05-47ed-b79f-afdf89e20bec	native		East Palearctic region		
2db817e2-4243-41d0-b235-1d7adac2c417	native		Oriental region		
a87ef465-5f13-44c3-8286-42705cc181ce	native		Afrotropical region		
d9191fc8-8d04-4c4a-857b-2bef7963243e	native		Neotropical region		
0743e08d-ea14-42d2-b061-344c45c557ac	native		West Palearctic region		
5f372cb0-1703-4d15-b5d3-c61d1a38ffd8	native		Afrotropical region		
e4154e47-5f2a-4138-9958-35bc7abbd134	native		West Palearctic region, East Palearctic region		
07ec8500-9444-4cd1-9504-b0e09a675d24	native		Afrotropical region		
753b0026-8d9a-4ea3-90e0-1c7cac82b818	native		Afrotropical region		
4692024c-b9ed-4da3-8793-fc9d9d387276	native		Nearctic region		
fec106e4-e97b-4a98-ad96-2e7cbe8fbf63	native		Afrotropical region		
bece8a12-a5fc-4711-9e02-3b5ba2851226	native		West Palearctic region		
eed1ab92-4ddf-4335-b46f-5999729addbe	native		West Palearctic region		
f017beba-4794-44e5-b363-515be99c672e	native		Oriental region		
a69f2b05-3f6b-40f5-9219-c0b3801b0cdc	native		Nearctic region		
b710e44c-69b6-494d-bdbf-2a0c32819542	native		Afrotropical region		
0c6e1d4d-7b4a-45bb-ab31-a3f51521add8	native		West Palearctic region		
f5ba998e-dbc9-48d8-b909-46ee54744dfd	native		West Palearctic region		
d34166c8-9dd7-4f70-97ee-6d07ba17189a	native		Oriental region, East Palearctic region		
ee171f41-3f20-49e8-b8f8-e2a1a270925f	native		Neotropical region		
72316f67-cecc-4447-bcaf-0d407445a19d	native		East Palearctic region		
ea5d42e1-505f-4bf7-bf38-e46085728b67	native		Oriental region		
965721c7-f211-47bb-a701-8ed6ad54f777	native		West Palearctic region, East Palearctic region		
2bb88733-b6b8-4071-955d-a604d54328da	native		East Palearctic region		
73c3f28e-3de7-44eb-b54c-1f26823d1a98	native		Australian and Pacific regions		
f383d24f-69a7-49c7-82a5-eecece345942	native		West Palearctic region		
ee6ac619-e7e2-441d-9e6c-63093cd875f8	native		West Palearctic region		
70e95a54-061b-4fba-b54b-dc299726bd0b	native		West Palearctic region		
19d10fdd-1a20-4b77-9064-98530cb44691	native		West Palearctic region		
4887fade-0748-4925-bfeb-3e1b96c86ee2	native		Oriental region		
975a308a-e277-440b-8e59-b401df25e371	native		West Palearctic region		
09e4ef92-9eef-4d0d-ba2b-ec2af21e3250	native		Afrotropical region		
2a4ccf4a-4a25-4b56-a61e-832f427ab48a	native		Oriental region		
7bc66d11-d9b2-463d-b0c9-b1ee872e985e	native		West Palearctic region		
8ca0248d-8122-4c45-9bf5-6c6dc5f63028	native		West Palearctic region, East Palearctic region, [Nearctic region, Australian and Pacific regions]		
75b83af9-c478-4b47-937f-c609ee9f0a21	native		Nearctic region		
72ea6473aeacbae6a42c06ddcf06a2d5	native		Neotropical region		
4ec1fdbd-4c04-42ca-85c2-749cc609e848	native		West Palearctic region		
2174d937-5709-46a5-879b-312fbec85c61	native		Afrotropical region		
e6a7a15c-3ba2-4fd2-9ea3-b52e5c8c6144	native		West Palearctic region		
d01d1d15-ec21-4984-985c-01b8857d9923	native		West Palearctic region		
065f5077-7838-40d2-8ab0-eed663880ff8	native		Nearctic region		
aa0b3162-1354-4da7-a6cf-6961901075db	native		Nearctic region		
4fc9c5da-9184-4f3b-b2d4-ea735a50e74d	native		East Palearctic region		
419d8147-9476-46ae-8c95-908aa9159cf9	native		West Palearctic region		
0c21eb9c-8d05-4d68-838e-3cd8d4fdd12f	native		Australian and Pacific regions		
f8bdb251-16a2-417a-9bce-be25075acecb	native		Nearctic region		
069d113c-ce9b-401e-a12d-0b7990b14ebc	native		Afrotropical region		
68cd9e56-26bb-4840-a06c-9cea7130aa1d	native		West Palearctic region		
65e2b630-a58d-4666-a2ea-951c380ba351	native		West Palearctic region		
08715d26-5514-43e0-8c73-0737c0f0d4b5	native		Nearctic region		
f5daeb42-2a87-4ea6-bc8c-98c25940ae3c	native		West Palearctic region		
1a04a2a9-8a1c-4bb1-81a8-aee886700373	native		Neotropical region		
02b39bfc-558b-42a6-8d64-9d3a0c4531c8	native		West Palearctic region		
fae22f8f-ad52-452c-9a25-3c3256e3aa99	native		Neotropical region		
1d0a9d69-563d-45c9-815d-1e4615999a80	native		West Palearctic region, East Palearctic region		
c3284eab-af66-47bb-b9bc-d6f71b69f047	native		Afrotropical region		
a25c67ba-aaee-4d28-ab9b-387f5921035e	native		Nearctic region		
f90e3a9a-1e6d-49b2-bd22-fb74a4714bfe	native		West Palearctic region		
6f567e1c-ca03-4332-8306-612a0198e3a4	native		Afrotropical region		
3a5a2c41-554f-4ff0-8520-35afd2c25f9e	native		Oriental region		
971e26f3-cc15-4543-9fdc-f251d9fa91bf	native		Nearctic region		
dff041a6-35fe-4cfa-b3c8-e240fd08d466	native		Australian and Pacific regions		
37889e3e-9bfb-4ffb-bf08-26ed4a81bb21	native		West Palearctic region (fossil)		
17afb596-f1ca-47d6-a721-32e5b5a01377	native		West Palearctic region, East Palearctic region, Nearctic region		
922d6a9e-3221-4ee6-ac6d-9c7767e73b87	native		East Palearctic region		
81ee1f5d-edc3-4c7e-8158-41ab6e8725ef	native		Neotropical region		
9d9c5821-b800-47a6-8967-bdc0af121069	native		Afrotropical region		
be48ea87-85e8-4437-aaa7-4c24e8cfb374	native		Australian and Pacific regions		
54645a62-45ac-4741-8c5d-b5e3670c962e	native		Neotropical region		
e3649b31-d17f-4d60-b232-6dd7cc83c5d0	native		West Palearctic region		
3217884f-40ef-40bf-af23-b2f74622bcbe	native		East Palearctic region		
0e2116b3-b632-4817-85cd-fee889ec3b26	native		East Palearctic region		
1100957d-38f1-43a0-9273-993b5482d500	native		Nearctic region		
5fd01d75-5552-4b50-87fe-71b80483138e	native		Australian and Pacific regions		
41c1306c-3f1c-4675-b2d5-1df0a27961fd	native		West Palearctic region		
85f7fb93-185e-44a3-be04-3dab1346452a	native		Oriental region		
b2c100a1-4557-4c15-9a1b-fed4594277e9	native		West Palearctic region		
9677e5ab-6f32-4308-9f00-62ee9fa37340	native		West Palearctic region		
1e3f92ea-ca0e-4b4d-8461-ae09c501d4bc	native		Australian and Pacific regions		
240cf9ef-4896-4848-b3db-cd5f344a0593	native		Australian and Pacific regions		
b7d9dddc-8fd8-4cd7-9ab4-3691c61e9c7f	native		Neotropical region		
af233389-fd8c-46e7-b19c-9c6812222d43	native		West Palearctic region		
e25f1034-1f3e-4e6f-b232-b635c0a346f7	native		Nearctic region		
daa16e5f85bc10d8ba2458aa7cad9e70	native		Neotropical region		
77cecba2-12e3-4809-a801-48c3ac3c78bf	native		West Palearctic region		
c5757a5d-dfa5-4129-9f25-707b6ede8951	native		Neotropical region		
58e81e98-c088-4fc5-9a5c-7b70211b3a32	native		West Palearctic region		
02f1af2d-d493-432f-b6e6-cd152e00ff44	native		Afrotropical region		
16ef8098-b4d2-4b92-a3ff-b6b524f40160	native		West Palearctic region, East Palearctic region, Nearctic region		
38466de7-5155-432c-b28e-e91224746013	native		Nearctic region		
4a838727-2a8e-4ece-9309-077a1c22b1f7	native		Oriental region		
24baec64-2ce4-461b-8a50-675e54dcbe1e	native		West Palearctic region		
e187e91a-ca7b-4ebf-bf1c-720674859415	native		Oriental region		
f7a1b76c-9f2d-4aed-b517-5e1b216ba37c	native		West Palearctic region		
e2252cc7-af93-45ab-ab88-8709d3979cbf	native		Neotropical region		
a8a502bb-02e2-40f2-9e68-c345aae15723	native		Afrotropical region		
7ff25199-a104-4cc4-ba72-9ddfea388429	native		Australian and Pacific regions		
20aa6fc8-8e95-41c2-a8ed-1f354d77c1a5	native		West Palearctic region, East Palearctic region		
c668c501-9aca-463d-bd33-11b9a3ef4e00	native		Nearctic region		
93f35de9-be31-480f-9504-e23f2ad39f0d	native		West Palearctic region		
2db55593-f0e0-480e-a4b8-bf4ee1bd5f85	native		Oriental region		
e63327b3-3544-4a29-9084-a20d9bc34133	native		Afrotropical region		
a09a2dc8-7a60-49c7-8ad8-90a70205c1d0	native		West Palearctic region		
a0cbd02b-ce2f-42ba-9485-e53782bfaf1b	native		West Palearctic region		
d6b29db8-d0ea-483e-8aa2-9d26ab7d28d9	native		West Palearctic region		
3ebb13e6-6419-4421-8bac-f4dea9e375b2	native		Neotropical region		
7af0eec5-5ad9-4dd2-9a89-91760bede3cf	native		East Palearctic region		
d9bae25b-d971-40a1-bfde-ec3bc95690b7	native		West Palearctic region		
ebebf22f-1574-4bc8-a5ea-b284a0bedbc2	native		Australian and Pacific regions		
39609180-6085-4cdc-958a-c0abc42ee39f	native		Oriental region		
9e1d525b-81e3-4405-b1b3-e9e1a1320d41	native		Australian and Pacific regions		
ce85b42f-e3ae-4e40-8cc9-e8af0f1ac1a9	native		East Palearctic region		
7af03591-734b-4cef-9063-7c5597d556c2	native		Neotropical region		
7a112ff2-9e88-4e0b-8ec4-ab43691a050a	native		West Palearctic region, East Palearctic region		
712e9abc-836d-49df-b118-8904f42693a5	native		West Palearctic region		
f6e176ed-a9f3-4e50-8795-8efde6c748c8	native		Neotropical region		
431d11fa-ac01-443a-8dde-28d8d5f9157f	native		Neotropical region		
e524b0ad-6095-426a-8289-95ddc8381ca5	native		Australian and Pacific regions		
f032fba6-46fc-4d6e-b695-0d734216faf3	native		West Palearctic region		
b5105f60-c290-438d-b157-530338b83e01	native		Australian and Pacific regions		
2fff58ba-758b-42d7-a898-e430162bed3b	native		West Palearctic region		
48429995-76aa-44ff-89b9-ec98ea6ebcf8	native		East Palearctic region		
abeb7dcb-399b-4619-bbd8-b2070c1cee02	native		West Palearctic region, East Palearctic region		
466ab48b-c3a6-4f90-b39e-803155f648a7	native		East Palearctic region		
3bc62b79-78ac-4370-88f5-1079efc98cd7	native		West Palearctic region		
aacde9da-b56f-494b-920a-dd04b7aad0ef	native		West Palearctic region, East Palearctic region, [Nearctic region]		
ec09f255-55f0-4198-89fa-7431de452ac6	native		Neotropical region		
d5c4fc1c-fa00-460d-be18-71a4c9ca1205	native		Afrotropical region		
0d69256b-9270-44b4-ae0f-1e5c36f4b8df	native		West Palearctic region		
545993a7-520e-4cc5-a290-fcb1dba64983	native		Neotropical region		
f893e98f-f84f-461b-813e-c28c5b8b6ea2	native		Neotropical region		
0fc53c7d-0626-4bac-972f-961043900fc0	native		East Palearctic region		
95ba2df4-10ee-4d30-a849-92ae94dace6b	native		West Palearctic region (fossil)		
822fa40d-7310-49d9-92a8-9a5fb174753d	native		Neotropical region		
020e56dc-6e27-41cd-9fd5-64fafadf7d4d	native		Australian and Pacific regions		
41b3d69f-708d-41cf-9fe6-88ecb4e0e43f	native		East Palearctic region		
d0b49214-d999-4823-8f9e-d843440a7ff1	native		East Palearctic region		
264c9c4f-5ee4-4bef-8117-ba6ba5097235	native		Afrotropical region		
4fe8fe02-be0a-46a6-9381-f08aab282454	native		West Palearctic region		
958faf18-6620-4650-af5d-5ae58acc0aa4	native		Neotropical region		
1a875b06-25e8-44d8-949e-66ef2742a526	native		Oriental region, West Palearctic region		
c0223b70-6605-474f-99f9-701c5cad906a	native		West Palearctic region, East Palearctic region		
99b24642-50b2-4d4d-9451-02448e4519b5	native		Neotropical region		
8888a28a-5b9d-4a6d-b7ea-e933c6ed5194	native		East Palearctic region		
7864c4b4-f6d1-46c0-af4e-6292b6f7aaa0	native		West Palearctic region, East Palearctic region		
c2bee31b-7589-42d5-958b-b402d6215ec9	native		East Palearctic region		
35c20f42-3a1f-4eaf-93e5-8e33c260930d	native		Nearctic region		
e0878706-f01b-4cf1-9de3-1e7bf061e77e	native		Neotropical region		
1efc6892-d72d-4179-a9d9-09fe924121d2	native		East Palearctic region		
4c0240d5-66d0-4bd0-a8cd-4db93df5b7e1	native		West Palearctic region		
b0f0a1d7-22a1-4696-b62e-6dbde6d67f14	native		Nearctic region		
389d1812-feea-4fd3-8d51-08d5d6aae77c	native		Neotropical region		
4d594d70-42a2-4ac9-9fd2-7b79eafb7011	native		Nearctic region		
28d8702d-be9a-48b0-9a52-891f4851119b	native		Neotropical region		
77c25561-131a-4242-8b89-58300255a4a6	native		West Palearctic region		
ac24bac3-b13c-4462-9d5a-b75a8d351247	native		Nearctic region		
6bf86df1-9e7d-4033-8322-8fb7e74287c0	native		Neotropical region		
59e72914-4694-4d0e-ab6e-94c2ac3d80c2	native		Australian and Pacific regions		
10fd55a2-9ecd-4b95-8b04-622f07febc22	native		Afrotropical region		
79263e17-7764-4701-8540-6ffd696c48e9	native		Nearctic region, Neotropical region		
544c5959-8891-49d3-a579-c476decd128f	native		West Palearctic region (fossil)		
fb0e1d2f-1d5b-4776-a609-4dcd60807b88	native		Oriental region		
f4b8c9d2-a5c8-4b81-9f25-b790e0fe127f	native		East Palearctic region		
7d47acc2-98bc-4806-82f1-e551e373dd3e	native		Neotropical region		
3e2d9473-0f8d-4f2a-9e43-1cca0a711ee2	native		Afrotropical region		
6273ddd4-fd68-41be-bde8-9a0615844ad5	native		Nearctic region		
d6196a60-a679-4b68-b919-d87aef3d7fe2	native		Afrotropical region		
5422fcc9-c3f0-47f3-b065-6dc8eca9b27f	native		Australian and Pacific regions		
999d8047-f959-47c0-a567-c75cba493326	native		East Palearctic region		
575792a1-9f16-4f72-8149-3f5550008d17	native		East Palearctic region		
14184ed9-002e-4096-8d05-3b95a3da6a19	native		Nearctic region		
331ca37f-f213-425e-8834-b1d96b464d21	native		West Palearctic region		
8e101fd4-32d5-4c2b-99b2-dacc35a8bebc	native		West Palearctic region		
eddeeddd-d9a8-44db-9032-8f1cb6fe69eb	native		West Palearctic region		
ffdbb1bf-d560-43e1-9a6f-0227758061c5	native		Afrotropical region		
71d3e3bd-f733-4981-a97a-4c588b2587d0	native		Oriental region		
640115d6-8f7f-4072-bd44-d612bec02afd	native		Afrotropical region		
d6025e25-47a6-4fd2-8635-5a1fca55a246	native		Afrotropical region		
c4a75cad-2793-4d1a-9efd-32a8505cf6cd	native		Afrotropical region		
def77942-2999-4c77-859d-580fbac14484	native		West Palearctic region, East Palearctic region		
b56044ae-35c1-45e6-a9c4-a21d6dad45aa	native		West Palearctic region		
b7660f9f-d3c4-4c6f-929c-81fb6658049a	native		Neotropical region		
774ae5ba-276e-4352-9dd0-2cfa2cade10c	native		Neotropical region		
d6da7da9-3e4b-4ef5-b7a2-d701eba2664d	native		East Palearctic region		
bb59f006-6a55-4815-89e9-289c00f8b82b	native		Neotropical region		
7b2a3c7e-a4ce-4503-a4d9-2b128baf9391	native		West Palearctic region		
1d0f7d1f-8920-4c69-b949-205a38894008	native		Neotropical region		
cb1c45fc-a984-4786-89a8-4beac2094010	native		West Palearctic region		
b00ec052-1763-4557-8200-c9df944d7f03	native		Oriental region		
ae48188c-9416-4ff8-aabd-59e2abff64e8	native		Oriental region		
53364d8f-c3f3-4631-9638-a504e9c9ba87	native		Oriental region		
fadb7e9e-05f8-40f7-8950-26e38ef968a8	native		Neotropical region		
2f68841b-9908-4d0f-84c4-6d01924a3482	native		Neotropical region		
f0d96c27-a35e-44e2-8725-df3bc6786a7a	native		Afrotropical region		
3403149e-a553-4f8f-a60f-b323d10605b7	native		Afrotropical region		
8bd9fc47-313b-445d-80df-a9a56c8a5fd6	native		East Palearctic region		
0e72a007-30b4-4887-bef4-e24216b2d3bd	native		West Palearctic region		
18b6dd63-04e4-4ce4-896a-452a042a0eb8	native		Afrotropical region		
429f4bcf-75c7-499e-883c-194aa85973f5	native		East Palearctic region		
060ca3d1-fafd-4388-b937-c1c8e6f22ba4	native		Australian and Pacific regions		
43c7ba56-f652-403f-8904-e14e8a24b770	native		West Palearctic region, East Palearctic region, Nearctic region		
a88ea1cd-5ddf-4ca2-9eb0-dcbf3c861366	native		Australian and Pacific regions		
92da20f4-1bb0-410e-b833-36990665b8be	native		Neotropical region		
a55ece9c-4a2f-4b45-9675-be57b8a020f1	native		West Palearctic region		
76f50833-a627-4275-a2f6-674c37ed8ba5	native		Australian and Pacific regions		
15a8dd1e-2c59-4fb3-adb4-13f1cfe48f36	native		Neotropical region		
5f5f98a6-b711-42ba-b62c-67d8b0569db1	native		Oriental region		
155adfed-ec81-4893-91a7-8df46edb6d5f	native		West Palearctic region		
c3a13a90-d3d7-4290-9da2-752c657e60d3	native		Oriental region		
f788bcc1-48ca-4b0f-8db8-b87990e7927a	native		West Palearctic region		
1c35ce87-db7d-4bf0-badc-3130f56a5a7f	native		Neotropical region		
cc9f137f-18e0-41cd-b9a5-6b1c4611b8a6	native		West Palearctic region		
0c3b32e7-81ad-4f8c-aa98-60c39ed3e872	native		Neotropical region		
0cad2ba3-0442-4dd0-96f6-fdeb8aa716e6	native		Afrotropical region		
71a0a723-d68c-48f3-9469-d9a03d2c5935	native		Afrotropical region		
3cfa4da2-3eae-48cd-bef9-e5e9500ae25d	native		East Palearctic region		
4d193fe5-1f05-491b-bef4-aa7f0c538420	native		West Palearctic region		
15599b0e-4d28-4d5a-948b-755720ace970	native		Neotropical region		
63ad7d07-7b2f-4a1a-a79a-88867cbed5f8	native		West Palearctic region		
755eeb8b-e9c0-4c4e-a024-5fa91986ab55	native		West Palearctic region		
bd0deebe-c1e0-4c93-823a-ef7ee3adb8ce	native		Oriental region		
29b8823c-b606-41ed-af11-a4ca5710cdeb	native		Oriental region		
8561636b-2fee-4878-8839-38298ecbfd6a	native		East Palearctic region		
c45d5024-a356-4859-aeaa-365264336e72	native		West Palearctic region		
0d5613e3-f575-4632-9713-2031314181b8	native		East Palearctic region		
b077d51c-fdfc-41a3-a243-38575f0a02f4	native		Nearctic region, Neotropical region		
1c4001c8-5415-4a4e-8743-baadda92d916	native		West Palearctic region		
01f2019a-46c0-488f-994f-955228ea348c	native		Oriental region		
a6b012c0-9fa1-4b33-8a90-6e3dc1f12ba9	native		Oriental region		
d05263aa-5341-4e8f-aefe-4d95464eee57	native		West Palearctic region		
672d9811-9ea2-46a5-8a29-4affb7dfff09	native		Nearctic region		
4fc07d3b-a78e-47a1-9e0a-364b9ec6f2e1	native		Australian and Pacific regions		
6a20e299-4461-4046-ac24-bdb96b3ce921	native		Neotropical region		
566a37db-be38-4bd2-9f99-1b326b328685	native		West Palearctic region		
be0b997a-d690-43c6-9fbe-3695f9198a3d	native		Neotropical region		
750ea58c-62c5-4a8c-9c51-6ee94f75aeaa	native		West Palearctic region, East Palearctic region, Nearctic region		
467c2135-99a9-412e-83cc-fcf3d660f9bc	native		Afrotropical region		
be58b00d-5261-4043-a8ca-1dd87567e5b3	native		Australian and Pacific regions		
4f1b5a85-32be-4efd-a38c-8c7a63814dfb	native		Neotropical region		
4c1230ff-d75e-4b10-80ad-8cb525ba880a	native		West Palearctic region		
95be301a-8425-48b9-acc8-122f69d46946	native		Nearctic region, Neotropical region		
9f2fbdb0-7c06-4453-a9fc-1ee7f513c970	native		West Palearctic region		
b7ace73f-838d-4a22-aecb-3af92316597f	native		West Palearctic region		
2cc7089d-4670-4e54-9076-c5e516683dcf	native		West Palearctic region		
c06429ca-4721-479d-bece-c7eb95e0a5c3	native		Afrotropical region		
e918d39b-43c8-4d29-89d1-fb9164b1572f	native		West Palearctic region		
475e77bb-1eef-42be-9803-d73232646f36	native		East Palearctic region		
48855511-ae31-4c72-acf2-e645e5a8641a	native		Nearctic region		
31b8abe39779144edde263c0231b557e	native		Neotropical region		
f5756c2b-d391-43ab-8249-524d179c45bb	native		Neotropical region		
ae613a90-7837-4d2f-a7bf-c2166fe8553b	native		West Palearctic region		
8cdbaef8-e0c2-49ff-8edc-b1e4783cb834	native		Afrotropical region		
f479f07d-352f-4ffa-8871-eac8a96644ff	native		East Palearctic region		
dd643f2a-ba09-4515-a55c-344462e674df	native		West Palearctic region		
e69b3359-77e4-4e39-8dc9-093a28138419	native		West Palearctic region		
560e8cb5-e7bc-4a99-98a4-c09f6cd4eff4	native		West Palearctic region		
0a982516-70e0-4429-b994-a7ffe6c39675	native		East Palearctic region		
9f4b24ad-e914-4e1a-a54b-e24ce5f10c5f	native		West Palearctic region		
f1f871fc-5998-4cee-97cb-d088bfb1d161	native		Neotropical region		
ec02d6a5-b6a6-4048-9eea-2fd1a4be8515	native		East Palearctic region		
05f3fc95-f5db-4c67-be75-b593f9962665	native		East Palearctic region		
9482d9ed-2690-4af5-b071-0499dc5e404f	native		West Palearctic region		
dc6396d9-602f-4e46-b9a5-96e92586a203	native		Afrotropical region		
c58b04b9-ee2d-4c26-8203-2653cf0c44d6	native		West Palearctic region		
defec7f4-7fed-49f1-8aac-e3fc8bdcc9a1	native		East Palearctic region		
d5dea6db-af24-45bd-b6c0-2d1304e13af7	native		West Palearctic region		
a938826f-808d-4462-906d-fe57fd3eb967	native		Australian and Pacific regions		
6de8f56d-8999-4dc2-8ab9-c5290ce47096	native		Australian and Pacific regions		
8563ffdd-b836-438b-a04f-d0986942569e	native		Australian and Pacific regions		
07d53fe6-2749-4f8d-892b-527280fd32a6	native		East Palearctic region		
58ec4e9d-7bd2-48bc-9ed9-bf8087e49b05	native		East Palearctic region		
26913bc4-3bbd-4890-bd60-8edaafbaa1f0	native		West Palearctic region		
86d03c6f-2437-4535-9d46-b7ecae435b91	native		Nearctic region		
26833e4d-53b5-4bc3-aa8c-367670d2ecac	native		East Palearctic region		
875ae813-1985-4eb4-9a7e-e1a270538577	native		West Palearctic region		
a09dec83-4ce5-4675-833a-8d745cbfdd2e	native		Neotropical region		
2977cbf8-6232-405e-8ee1-9f08a9051637	native		West Palearctic region		
adb2ec91-9d71-4e5b-abaa-c10746bafc4f	native		East Palearctic region		
8940984b-1665-4666-a325-c0ea1d2a60cd	native		Neotropical region		
eeac1676-412e-4937-a47f-5d54cd313050	native		Neotropical region		
8cc9bed9-2fd2-4a03-be18-87788998ed77	native		West Palearctic region (fossil)		
db9491c0c1ec78decfcc7b3e79f9e342	native		Neotropical region		
4b6c45b2-e4f2-4a12-becb-dd2e3946e8fd	native		West Palearctic region, Afrotropical region		
811e9889-8936-473b-a801-b4e2494d99d2	native		Afrotropical region		
eae8aff5-e3b0-4c6a-af0d-6eede221f7be	native		Oriental region		
f1011422-e2f8-447e-8459-e8b5de5bc09c	native		West Palearctic region (fossil)		
dfd43778-398c-4579-9ab8-cec8609bb018	native		West Palearctic region, East Palearctic region		
28e35430-452b-4035-8b88-ff8b9a68179d	native		Afrotropical region		
bcba274a-0d4d-4237-a6e9-ad7169aa9a25	native		West Palearctic region		
761b5ab1-799f-489c-8f1b-ff4a73f4bfe0	native		East Palearctic region		
313dc8b6-5691-416f-8e0a-2dec167f4ce4	native		Neotropical region		
f7d10958-cb3f-424f-8ef5-358ffd89c172	native		East Palearctic region		
84f9c42d-0e79-4463-8489-e46648be9b9e	native		West Palearctic region		
57f9af29-3fd9-416f-b20b-34a3b7c2320d	native		Afrotropical region		
a35db979-bd82-403c-9522-aa518be8cec4	native		East Palearctic region		
9b560fc7-5eef-495a-ad1b-94c2ee511b67	native		Neotropical region		
d6553145-b56c-4fab-aab6-4d502dcb819e	native		Oriental region		
b642dacd-7a4b-4281-abe7-2f954cf3ec24	native		West Palearctic region		
8f043b97-449f-434f-ae3d-9088f5858ea3	native		Afrotropical region		
c3491490-b86c-4feb-949d-b7e6750817bd	native		West Palearctic region		
91064eac-18dc-49b6-a82e-8723cb9c132c	native		East Palearctic region		
149da486-98b1-4e41-9d6a-c3932c653be3	native		Oriental region		
80dfabba-73c9-43cd-be4b-95d40fb1e1f2	native		Neotropical region		
b28d47ba-4de3-4b78-aba2-c10b33bcb40d	native		Neotropical region		
b94bb1b5-1197-4be8-9793-e49a6f13de3e	native		East Palearctic region		
ca0cce41-76a4-4283-a97e-443ecd9d34a3	native		Afrotropical region		
9e1821dd-e615-4e7b-a9e5-a8f63457a165	native		Oriental region		
3f1fd2d2-48c8-48c9-98b3-c8cdaceb7276	native		West Palearctic region, East Palearctic region		
9fddcf6c-f4e5-43e3-a810-473cd49f578c	native		West Palearctic region		
eab32ed1-fa40-4ff4-b679-8c8214c1fe3a	native		Afrotropical region		
7859c4e5-31f2-4f81-acbf-2d41ad66fdca	native		Afrotropical region		
e95cbb75-6a88-4639-8611-54cad85f8950	native		West Palearctic region		
afb1c4a4-03c2-46fb-85bf-24105b9e3523	native		West Palearctic region		
3bbcfe94-eee5-4e32-9141-8cb6c9d6e230	native		Neotropical region		
4d4b2c73-922c-4f75-a7a0-37bae10fc3da	native		East Palearctic region		
b5c3b9dd-4cc6-47b5-ab0c-639ffbc2ae4b	native		West Palearctic region		
aa6c7a33-d74a-47dc-8620-779eaa541ce5	native		East Palearctic region		
7cc5ec90-6bfb-4a6c-a9cd-1cd1f99038af	native		Afrotropical region		
f5c8498a-0ad7-4e04-810a-12f9bf9b4be7	native		Afrotropical region		
d87bf7bd-c51b-405e-b37f-c50049f546c1	native		Oriental region		
a398f930-3989-4c14-a2e0-4be5470a85aa	native		Nearctic region		
64700cf5-cf8b-4213-a75e-36033839f364	native		East Palearctic region		
d4c01be0-fdd2-4bbb-8f0f-c67236152b27	native		West Palearctic region		
8f7abb52-9b8a-4b77-8bd6-6d50993a019e	native		East Palearctic region		
b5f69f79-5fce-463e-8927-3440067176f8	native		Australian and Pacific regions		
b427a9d7-2994-433b-b244-0420f560c582	native		East Palearctic region		
e576a217-aa7a-4ce3-a3e0-419e77470acc	native		Oriental region		
d9063f81-74e4-4488-bd15-5d0e21c4765c	native		West Palearctic region		
54bd5b10-f53d-4f92-9c29-e2944e093cec	native		East Palearctic region		
a4e6290d-579c-4e47-a8ba-681c9b3d101a	native		West Palearctic region		
bd850bd0-72b6-46c4-bd51-488ca49f65ce	native		Oriental region		
eaa558cb-29fa-45b6-b800-5ccbe1cb4944	native		West Palearctic region, East Palearctic region		
941105fd-752e-49d6-8705-a268be197986	native		Afrotropical region		
a496ce4f-75b8-40f8-b882-5640e69dbfd4	native		Neotropical region		
2c897fcf-8ca5-4374-abd8-af496d0419dd	native		West Palearctic region, East Palearctic region		
060667c8-34e8-486e-97ee-4ae58d9a67f8	native		Afrotropical region		
77b0a1ee-b1c6-43e0-9f6a-d92e42781c6f	native		West Palearctic region, East Palearctic region		
4d4ec900-7ef8-4f63-9506-b079b25fd45b	native		West Palearctic region		
ab2890fc-2190-4619-9875-1e5469e5036f	native		West Palearctic region		
24d4a24d-9568-4e9a-8935-45466030d0cd	native		Australian and Pacific regions		
8eec8b8c-c8cd-451e-ae89-ee1e044a0eaa	native		Afrotropical region		
a1a7d762-b44e-4a23-a1db-1afed9862551	native		Nearctic region		
663242ec-89ed-4169-8a73-44ccde903492	native		Nearctic region		
b24a0b3f-dab4-4c87-bd4f-c29b60b96ada	native		Afrotropical region		
87863d9b-bb84-4b73-b203-3357a8ad464d	native		Neotropical region		
1594f370-d642-4977-afe9-f74530be34f5	native		West Palearctic region (fossil)		
7c5ea4ea-f557-4125-8a55-f1775a84b866	native		West Palearctic region, East Palearctic region		
7295f485-366e-469c-8d3b-fd1e4ca14848	native		West Palearctic region		
b33283c8-890f-43ce-af4b-439ebeb7daee	native		Nearctic region		
9a15e503-88ae-401a-b76a-f5094e8e2316	native		West Palearctic region		
4ba585c9-52f6-452f-8d66-46fb10b89302	native		West Palearctic region		
d7bc488f-5ccb-43a2-9ca4-42653dc53998	native		Neotropical region		
fbef238f-5b6c-4bdf-ae33-ec73c8fea43b	native		Oriental region		
908a4007-ce07-4421-b7ab-003865da4695	native		Nearctic region		
3e852687-8f1d-4d1b-9bef-b3552054e678	native		Oriental region		
b0df2565-be74-4d2c-9868-2533883f8d65	native		Oriental region		
f7de4863-eda1-48b2-afb3-3ac01bcc04d8	native		Neotropical region		
29d9867d-bd7c-455b-9105-408b62b8150b	native		Afrotropical region		
8d3d8dfc-b0de-479e-8282-381cb95325f7	native		West Palearctic region		
999055b7-9430-4e87-a7a7-839f823ec46d	native		Neotropical region		
d18af1b1-635a-4176-8e9f-ea314c212080	native		West Palearctic region		
1f877b8d-97d8-4740-871e-2d8ade737c95	native		Neotropical region		
dfe7cd3c-c935-4ee0-9ec0-26243d1c2d82	native		Nearctic region		
86cce496-40ab-4c60-ad3b-ac5ba9cfadcb	native		Neotropical region		
62345843-1ca7-4c11-a20e-4aba669da1e6	native		West Palearctic region		
e80ae39d-51c5-4ab9-80d6-fba51c03bec8	native		Neotropical region		
25081548-a2f4-4e1a-97d5-e6c90189961c	native		East Palearctic region		
e631478a-f2f7-45f5-856d-a2061b0f4528	native		Oriental region		
a9d1fac9-d8c5-4c55-bae3-70b03ae37207	native		Neotropical region		
d61d4bcb-8f76-4ac2-bc55-8feb1b0a056e	native		Neotropical region		
a4ffe3a6-7021-45f3-8b16-58749ad99d47	native		West Palearctic region, East Palearctic region, [Nearctic region]		
06fac8d1-ac4f-419a-b87b-426e290165ee	native		Australian and Pacific regions		
abe66c8b-7247-460d-9045-2b341e38027f	native		Afrotropical region		
bd7eb0cd-8cf3-42ca-9915-75083bf0a751	native		Australian and Pacific regions		
887cf461-e2f6-418f-b350-b6f6a8c5c8d9	native		West Palearctic region		
379dd1ba-431c-438c-92cc-d3b932107be4	native		Neotropical region		
51a3a3fa-dc7a-4a44-942c-5a36808a38ba	native		Australian and Pacific regions		
af8ab946-bbdb-4b74-b330-e233aecd1975	native		West Palearctic region		
eafe835f-2d65-4943-850b-10bf3ae9b3f2	native		East Palearctic region		
d1c05912-3d4a-4c43-9049-3c0d6b559d51	native		Neotropical region		
800ec070-4b46-48b6-9839-6d6fcca01566	native		Afrotropical region		
e32691ab-b040-44a5-8c04-6ff90a41e956	native		West Palearctic region, East Palearctic region, [Nearctic region]		
c4a4a333-2b14-40e2-8846-210912739848	native		Neotropical region		
1823f9ae-fbb8-40e7-9e34-4191490e2134	native		Neotropical region		
0707aac1-35a6-45f9-8f1c-d1476532b7b3	native		Neotropical region		
a01ac236-a761-4a4c-abe3-179cf155618a	native		West Palearctic region		
fee559a6-0b6a-40e6-befe-556cfcc3a3ab	native		West Palearctic region		
c13f482e-fa5f-40b7-a741-134c552c440a	native		East Palearctic region		
aed75f87-2208-4dbe-b6d7-2ba22a5e7b8f	native		Australian and Pacific regions		
a7d6d136-2cc0-4f4e-b697-bbd6e3021e57	native		Neotropical region		
ad7aabeb-d1a6-4612-b370-0d009d64ab18	native		Neotropical region		
aae2d385534ce5084b7a9b87a94a9470	native		Neotropical region		
a2a296b3-1f67-4692-8864-5a5bb4853d51	native		Oriental region		
846c39c6-34bb-475b-bd7c-0f8d824dc6cf	native		East Palearctic region		
2ff6b8e2-e2b1-4e1a-a00f-2370b95b5140	native		Neotropical region		
a3ffe6be-feac-4406-9e71-66d63c8fdd00	native		West Palearctic region		
3e460264-4c50-4d73-925e-23cb7c4e4416	native		Neotropical region		
7b464c77-80ed-4475-b972-7f975b1fff45	native		West Palearctic region		
449d02c1-9384-41b5-b8db-23e2259de1f0	native		East Palearctic region		
5bcb1e01-45e0-4405-92d1-9607d06df47e	native		Neotropical region		
e43039ae-e019-4a4c-b7ed-b192e60e85e0	native		Nearctic region		
5cd43a23-eef8-47c8-83ca-7a3e76aafb78	native		West Palearctic region		
70b383d8-737a-4b74-b18b-6bc0d0c7877a	native		West Palearctic region		
04b1fde8-a0c5-4afa-a5b8-b9c31cb1030e	native		West Palearctic region		
115ce3e2-a2f2-408e-a627-33dc6a0188b3	native		Afrotropical region		
14a8a9b8-81fb-4b60-a91c-da5dbc65d551	native		Afrotropical region		
8a6b1148-2e86-43f2-80ed-5357ff63eb52	native		Oriental region		
579e7ebc-f6e8-4370-b499-0881b706c85f	native		Nearctic region		
e4bd319d-22a9-4c20-b86f-5a86ab2c6c21	native		Afrotropical region		
13a0a0c2-c660-4255-86b4-265d3a085dbc	native		Oriental region		
fedb44fe-55f2-4093-9456-b36f87ba0100	native		West Palearctic region		
f48d18bc-fe3d-4cf0-87e1-df73f787723d	native		Australian and Pacific regions		
0f9fa79c-3fd0-4004-9c7b-d7c272cedb7d	native		East Palearctic region		
ea8498cd-7463-4e76-bf38-b44bc719c063	native		Australian and Pacific regions		
78eca4b4-2cf4-4e1f-83ae-0679f7b5fcc2	native		Oriental region		
efa4bca4-1b0e-4b9b-a8d0-cde036a8f918	native		Afrotropical region		
a0981c60-6e3b-4f1d-a5e1-2048b19ad3bd	native		East Palearctic region		
cd4b6caa-62b2-4a6e-9e27-b647c12c33b4	native		Oriental region		
99dc4cd9-6487-4f6a-8312-dfd71e459c73	native		Neotropical region		
663f9efe-bb6f-4738-8455-036e8fd2bc66	native		Afrotropical region		
cb6f9f35-f8e0-4c9f-a947-0cc3d381528c	native		Nearctic region		
5afcd236-00d9-48f1-9cb7-21fb41322745	native		Oriental region		
62dd97f3-059b-4be8-b907-cfb595e7003b	native		Neotropical region		
37363e4a-486c-4e34-b772-151ed1e00d08	native		Neotropical region		
d2fb4f2d-1ef7-4f0a-8854-b64eeefd6284	native		Nearctic region		
abd11dc0-1787-4917-8a42-231c533c4933	native		Afrotropical region		
7b0e8d65-dd5b-43a3-a326-b1c23111964f	native		East Palearctic region		
87ec1bf7-b23e-4628-b02b-bb29f98c42e7	native		Nearctic region		
f24ab1a9-9d42-41dd-b6ba-e9055437da54	native		Afrotropical region		
7ed68414-6ade-49a6-bb58-3f65bc36e003	native		West Palearctic region, East Palearctic region		
2ac5593f-19dc-4bfb-8347-fa12a5fc0fa5	native		East Palearctic region		
786ee0e8-b458-4062-9263-1e095315b43e	native		East Palearctic region		
3411f747-3525-4bfb-b2e2-ac065b75c6d7	native		Nearctic region		
1711a385-7d37-48e5-93ef-4f8aba7a6eb3	native		West Palearctic region, East Palearctic region		
62f083e9-254f-4fb9-88c8-85e649436181	native		Afrotropical region		
a9c1f0aa-893e-4148-b2a6-6905ffd64384	native		Nearctic region		
1015c73f-c493-4e9c-9122-f28c613d2305	native		Neotropical region		
ebf8e013-9736-47ff-9156-bd2ea9c30db0	native		West Palearctic region		
898831ac-e735-437f-992f-f4698c6ab249	native		West Palearctic region		
52476076-aeab-4f44-ac2d-c7adb630fcb8	native		Australian and Pacific regions		
54880b42-d214-4010-be93-12bda81cdcaf	native		West Palearctic region		
3172e009-6b09-4640-a2e9-8f693172ca3d	native		Afrotropical region		
7f78fde2-0445-418d-945b-0a8e895c487a	native		West Palearctic region, East Palearctic region		
c7897834-386b-411c-89e0-d3a71b3cdc9f	native		East Palearctic region		
8d9c47cf-0e2f-468a-88fd-478a74430306	native		Oriental region		
b0c6b771-1ea5-4356-90bf-215db088afd9	native		West Palearctic region		
95ca5205-80a4-46a1-94a1-ba9094ca00f8	native		Afrotropical region		
60b3077d-0134-4957-8476-44b5aea786d4	native		Australian and Pacific regions		
000e2965-c96b-4bc1-b71f-b8a40cd5cdba	native		Neotropical region		
a5a29c2f-344b-4326-ad0b-42522477fc66	native		Neotropical region		
7f28adfc-7db6-4552-aa8e-d74de6703c9c	native		Australian and Pacific regions		
f841c712-1bd1-45b9-a42f-43626b67f9aa	native		Afrotropical region		
422b7ba4-13d4-40f4-b1cc-7ac96e40385c	native		West Palearctic region		
c335fcfa-249e-4d56-892e-521e87c74687	native		East Palearctic region		
cb125b4a-db75-4bec-8b4a-92d8810e2d6d	native		West Palearctic region		
0a7553ec-f785-4716-b905-a0f64bb4c8eb	native		East Palearctic region		
195638f8-0581-4d17-a7b4-5de4d01f67cd	native		Australian and Pacific regions		
6987e102-6123-4fd4-aa9b-efd276d9e222	native		Afrotropical region		
a501ccb5-16c0-4f3d-9e82-fdbe8919f867	native		Nearctic region		
c15747cf-03c7-435c-87ce-7f8a3ff3253b	native		West Palearctic region		
b84fc98d-ac95-47f5-bfed-a0ea95605e8a	native		West Palearctic region		
5160b98b-3c97-47f0-9284-f0c542210c58	native		Nearctic region		
6dd1b2e7-ce6a-4dab-9455-7f77753aedc7	native		West Palearctic region		
bf7485b5-7559-46fe-b196-a4ff8cda9535	native		Neotropical region (fossil)		
8a55c478-81d9-4c0d-b7f4-bbea75f177ab	native		East Palearctic region		
eb8e7e45-fc21-479d-80a2-0aaef221d10e	native		East Palearctic region		
a30ced1d-15db-4285-845b-941a34ab818a	native		Neotropical region		
8f2f6ffc-545c-4006-acd6-8d3f4f7e148b	native		West Palearctic region, East Palearctic region		
4e22c853-aef0-4fa4-b87f-a079ce2304a4	native		East Palearctic region		
bb4828d7-ab5b-488a-bf8b-698451295df5	native		West Palearctic region		
f2c763bb-842c-4b40-b4c5-5b74de86e3dd	native		Neotropical region		
6f8de4ca-06a3-4d1a-8005-4d8cb0e18159	native		Neotropical region		
a8e57aa5-e340-4c9b-b231-d430e6bffb0d	native		Neotropical region		
3f2c65d0-294d-4cfc-bef2-04502ad1b056	native		East Palearctic region		
e851e81e-6873-4470-bf95-af4e53922707	native		Afrotropical region		
bd78af5b-7f62-45bd-9203-e5e03ec53be6	native		West Palearctic region		
cd0999de-b153-4154-802e-be9aa1296d3f	native		West Palearctic region		
2a498907-0e4f-4da1-aef5-12d19ec38556	native		East Palearctic region		
c752ae59-7dd4-4cb8-b11e-839cf60245ee	native		Afrotropical region		
4461a747-0ad5-4488-a34b-853f2b419292	native		East Palearctic region		
ad771557-2720-4f33-a344-867ad2bb1770	native		Afrotropical region		
b790718f-ee9f-4c5c-910c-def63df1caca	native		Australian and Pacific regions		
d4591ed9-0d02-41cb-9d7a-7adf06591740	native		Neotropical region		
091865e1-2bb4-4a3a-9244-eb5aa37ede7f	native		West Palearctic region		
d5b2407d-9126-4f77-b5b4-043137fe42d0	native		West Palearctic region		
052d56ac-c03d-46ef-b82d-6d0e2e5db859	native		East Palearctic region		
d76a7cea-0e26-4502-8437-1859597ac1ca	native		West Palearctic region, East Palearctic region		
f5030ef6-ef34-4b54-8a6d-86f57e4202c0	native		Afrotropical region		
3f0794e7-bb9f-4699-9c24-0dbcacc09d56	native		Afrotropical region		
39f08217-2ecd-44bf-81ba-acd9df0868fd	native		West Palearctic region		
677b19a3-120a-4a4c-ab71-e29a181d30ec	native		East Palearctic region		
203f4fd9-bfcc-4cd3-a9e3-630b475919af	native		West Palearctic region, East Palearctic region		
bdf6ad71-9363-4e79-ab7d-d2eba726367b	native		Neotropical region		
f9f0223b-f4c2-4f71-9d95-0a10a9f6a384	native		West Palearctic region		
3ea062ac-0ebd-45b8-992e-77be5ef84f20	native		Australian and Pacific regions		
692b1e25-3aa9-4f1f-bc04-799be60a69ea	native		Neotropical region		
41442650-bd8f-4c19-ba19-922e79feca19	native		West Palearctic region		
711c67ee-d4f6-4e17-bd32-57c39778d40c	native		West Palearctic region		
c70e8c5e-01f4-4c50-bb4c-f4bc39943c5e	native		Afrotropical region		
4d3c70f5-9779-4973-b6a7-0951a69d211b	native		East Palearctic region		
205c5e92-139b-4772-988c-7ef039897af5	native		Neotropical region		
00408494-c1dd-40e3-9534-15980f59db19	native		West Palearctic region		
6560c7fc-a640-4334-aa70-31006858f4f5	native		West Palearctic region		
476a303a-2e84-4ff8-ad79-2422fd77e7ee	native		West Palearctic region		
38521c80-4d3b-4067-ba12-63c7da6e425c	native		West Palearctic region		
aa0cfe0a-722c-43fc-b7e6-3c104c5f9c08	native		Australian and Pacific regions		
701d4fde-ba7d-41b8-8e8c-ca18907eb52b	native		Afrotropical region		
25044357-6c52-41f5-abd3-cda9e6110487	native		Australian and Pacific regions		
2b9ea34d-c97f-427b-a1db-3da367d0e71a	native		Neotropical region		
f0440bdb-9ff3-456a-a52f-2cf5de577fd1	native		Australian and Pacific regions		
6cac9c7e-5c11-4ff0-9cde-668a70ded488	native		East Palearctic region		
bd67b253-199d-4cee-813d-c28e95a4a5e9	native		Neotropical region		
72621a12-90b3-4060-b51a-10b8ed58fb2d	native		Neotropical region		
298cc3da-a84a-4d93-bdd1-4eac6de16305	native		West Palearctic region, East Palearctic region		
fbf7360e-05b3-4f05-b758-23a123b6b8a3	native		Afrotropical region		
874657d4-339d-4094-bf13-8bfc6688692a	native		East Palearctic region		
29b916fb-2564-476d-ad68-64b2f533df90	native		Neotropical region		
afead176-0971-4168-a37d-b8b2fb8f5827	native		Nearctic region		
cdcf792d-e456-4bef-b062-8b7fa6f0bf19	native		Australian and Pacific regions		
b8c5a0d0-c9f0-474c-80bd-e5f731268293	native		West Palearctic region		
d796f0ce-d1b6-4477-8329-5d400016445b	native		Oriental region		
1698f8bf-7469-4d39-9889-854290b72f58	native		Afrotropical region		
321dbdbc-3de9-4b14-ad29-3bcebc416bbc	native		Neotropical region		
c7f5a843-182b-48aa-b8ff-1d03fe824c8f	native		West Palearctic region		
ae15e3ad-eeb4-43c1-af35-4b8dacc885a8	native		Australian and Pacific regions		
d1c12ff1-2188-4381-bdfa-39fdc841e6c5	native		West Palearctic region, East Palearctic region		
44fbfc27-e8d8-4cd0-a708-a8b9d97e4304	native		West Palearctic region		
e9a68b92-6027-4967-9531-bf05ccfe28d8	native		East Palearctic region		
49e237d1-0358-4d14-a830-9b66ab10f12c	native		Neotropical region		
e7f41263-4ea9-4bfe-b447-d88383ee6464	native		Afrotropical region		
116908af-3168-41b7-9fae-f59454b04693	native		Afrotropical region		
ce358419-b62a-4fd1-b52f-8b791d112ba7	native		West Palearctic region (fossil)		
6663587e-5afa-4311-86e0-b66bf99298c4	native		Oriental region		
a5ec39fb-1529-48bc-b6ec-c119aab2e1cc	native		Nearctic region		
300e98a1-a188-48c2-a76e-20723cd8a270	native		West Palearctic region		
b262cde4-a526-405b-a490-4577e8740311	native		Neotropical region		
3a1c9b0b-0b20-4df9-aa8f-2fbd6054e8ed	native		Neotropical region		
bfb8db6a-ed87-4c73-a1e6-a0e1b8c585f5	native		West Palearctic region		
c44bd076-6949-4dbe-8361-dc941fd98dfe	native		Oriental region		
fe84933b-9c3a-4a61-9e24-9ffa022ae3eb	native		Afrotropical region		
de805fa5-9e9f-41e2-862d-6a75e3e32d69	native		Neotropical region		
2b3be469-1035-45f3-95a5-b4d924601f25	native		West Palearctic region (fossil)		
6f3c5c2f3d7dc8b2736f2ca5d829ce2c	native		Neotropical region		
34929588-6fa9-43df-bde6-f88e26365800	native		East Palearctic region		
563c902c-6d04-4434-9e57-dcb35d1d0671	native		East Palearctic region		
08e97e80-6e50-41d7-9a0e-8122fa581fc2	native		Neotropical region		
0a9743e9-8cfa-40e4-bfee-b59aa8b6ba6c	native		West Palearctic region		
e0bb41c2-ff1f-4ba8-8b3d-4a4fdc4699c6	native		East Palearctic region		
c3940e7f-0ee7-4695-abff-cb85f578879b	native		Australian and Pacific regions		
8be9a981-979b-4028-a039-3ffb8705bd31	native		Neotropical region		
847d4307-97cb-420f-9afc-95a23df9572b	native		East Palearctic region		
bdb90fd1-1a49-496d-ae48-5b8b1a402579	native		West Palearctic region, East Palearctic region		
82a56fc8-e096-4b4b-895c-05641dbd94a1	native		Afrotropical region		
0b15faa2-b1fd-463b-b179-ed31df1b78e9	native		Afrotropical region		
17353177-9c1e-4fcd-b1dd-9b1bf80e316a	native		Australian and Pacific regions		
5d5657ef-3953-48e0-b3bb-23471e56648a	native		West Palearctic region		
2fbf3e37-cb21-4432-a9e5-e9aacb2440d3	native		Afrotropical region		
703ca028-acb4-429b-b701-89025e2a94e8	native		East Palearctic region		
abdb9a41-eb2d-465b-b986-c50c47249700	native		Australian and Pacific regions		
97d0ceb5-07c6-413a-bf61-c4aa5aae3cdd	native		Afrotropical region		
4f6b1435-b5d8-4032-8862-882efa2b9c35	native		Neotropical region		
d7fdc370-1dd5-44ee-9ff7-a6b78ebcfdbe	native		West Palearctic region		
2df41ac2-618c-4187-98bc-73396ce9d305	native		Afrotropical region		
43bee33d-7a1e-4744-9b99-875ba2ff65e8	native		Afrotropical region		
757732a4-4896-4a2f-a1dc-adb734c16fb3	native		East Palearctic region		
1e617813-7bc4-4c77-a7f0-91379337addf	native		Afrotropical region		
d1aa28f7-e0e7-4b7a-a0c8-901e2aac44c4	native		Afrotropical region		
215f114f-36b6-4897-bda5-85cfb64cc30c	native		East Palearctic region		
f606587e-7d37-4beb-885b-3a3081038d18	native		Nearctic region		
7db5e0d3-5fe2-479e-84e3-27f8ce4f4058	native		West Palearctic region		
30db5718-906f-4647-8c77-cad807a98d1e	native		West Palearctic region		
f7f7caa4-0e31-4e22-8e9a-8ae5a0b491aa	native		West Palearctic region		
31cf389f-dfe6-4621-81aa-863ce0bf6156	native		Neotropical region		
5c04ac74-d5ef-442c-8650-9559553f2013	native		Neotropical region		
6140651b-236c-4d80-a1cc-75027fa57e30	native		West Palearctic region		
e1b1acfb-53ed-4a48-81a3-293af873cd02	native		West Palearctic region		
c9e4278f-360f-4fa0-87fd-012f346b3df9	native		West Palearctic region		
f2fc484e-afa5-4426-b102-bc18f18da3bc	native		Nearctic region		
82cd2d2f-f8a2-455b-9ae8-faa21ca1520b	native		West Palearctic region		
6b8693d2-fd7a-4262-81dd-79266c268f4e	native		Afrotropical region		
113148ce-41e8-4a78-baab-743e01e3dcdb	native		West Palearctic region		
0a4af822-29d5-430c-b471-ceb700334100	native		Neotropical region		
60389dc1-5524-44a2-a272-4c9399c994cd	native		East Palearctic region		
f72c2f30-39d8-4f54-ac94-669072481856	native		Neotropical region		
38b6ffdf-aced-4aa5-848b-34ea017b5358	native		Nearctic region		
b853c0f5-56f9-40c6-874f-9893c0ee4ddf	native		Neotropical region		
91333468-6ea5-4b0e-a043-56eb52116215	native		Australian and Pacific regions		
d3bdb950-20e9-46fd-9dbd-d9411474930b	native		West Palearctic region		
61f40094-a341-4fb3-9619-6d9dff9ca074	native		Nearctic region		
f2b13896-1c8c-47c5-a8d1-d2c25504d1d2	native		Australian and Pacific regions		
71546527-e8ff-4d5a-a9df-b52aa49fb59d	native		Nearctic region		
5e8c2fdd-e463-4af2-a5b7-cbd4bccee12b	native		Australian and Pacific regions		
a13466b1-5bca-4773-882f-1b4927cce732	native		West Palearctic region		
8c5a23c1-b753-4234-9d81-e891c0380d69	native		East Palearctic region		
3be2ca22-660c-4e26-80b1-a55cb9b20d8f	native		Neotropical region		
724ab16d-b5ed-408a-8ad7-dced6a9101f7	native		Neotropical region		
9bf21103-e282-4f61-9f4b-872c062c02d1	native		West Palearctic region		
d43faa77-89ba-43b2-b898-5484453ce88f	native		Afrotropical region		
0d93e55d-cc3f-4369-a9e1-0f332adb6b26	native		West Palearctic region, East Palearctic region, Nearctic region		
168aa357-8919-4b77-8afe-588e18c58896	native		Neotropical region		
3b3f2d0a-5fef-4b0e-b7ef-5464f6fbb873	native		West Palearctic region		
f8736474-5abc-41bd-bdc4-ac431afe9ec1	native		Neotropical region		
e92dc450-78b6-434e-aecf-5c85ca3107b1	native		West Palearctic region		
f4a9fe60-9591-479f-9bf1-e3da34b39084	native		West Palearctic region		
5781ba48-a2bb-4877-94f9-fabdcf75a0de	native		East Palearctic region		
6e959191-5b80-4c92-a3f5-705d6e9049bd	native		West Palearctic region		
0d3749f1-9333-403d-a0ab-15646e5e205c	native		Oriental region		
1ddc8bd9-db4c-4125-baa9-c93657b4cf9a	native		Neotropical region		
4d852435-49d7-4129-9601-76131c9d2966	native		Nearctic region		
819f128b-2bd3-4237-b04e-45cff022295d	native		Oriental region		
597b3939-4a4c-4691-a460-4624de1f6852	native		Afrotropical region		
eeffe5d7-0ab0-408f-8b84-9b5f6d68841e	native		West Palearctic region		
c2e2b72d-ee31-42d2-9dee-246d28399877	native		West Palearctic region, East Palearctic region, Nearctic region		
f306ef4b-a1f3-4b7e-a1a3-ff9d06bfb537	native		Neotropical region		
3fd6f3e3-1e73-4ee1-923f-e154cdbecb2d	native		West Palearctic region		
51b2d587-ce96-4fbf-a30c-2f75148c034c	native		West Palearctic region		
6b83ca4f-35c3-47e8-a3ec-3648dd8e7d2e	native		East Palearctic region		
65bfa15a-b58c-49bd-bd1e-ebc2e5ab5aad	native		East Palearctic region		
fcc1f7e9-73e4-4f51-8c5c-33d0c24ad2b5	native		Oriental region		
bd05719c-6285-4fee-9df6-3ff1b74b91fa	native		Nearctic region		
0b3af148-147c-4a50-995a-df0766c23b3f	native		West Palearctic region		
6794f775-4abf-468d-818f-83b7ebf45a8f	native		East Palearctic region		
9bbb5be2-1d72-43f3-8465-ed4b2e17f4f6	native		West Palearctic region		
3e306eef-2046-477f-af9c-f0223156a1ba	native		East Palearctic region		
2a7c9de3-115a-4754-becc-fb4808d7c76f	native		Australian and Pacific regions		
35937d6a-6593-4c04-984c-69dddeb31f85	native		West Palearctic region		
20c7a951-19c7-4b88-8727-cfeaa69c84e8	native		West Palearctic region, East Palearctic region, Nearctic region		
c61efc60-036b-40e9-b435-1dd99c3f7d0b	native		Afrotropical region		
685eb6f1-1421-4035-9e6c-e07a7476f6ba	native		West Palearctic region		
8eb75ef5-895b-4aa7-bb1d-644e1abdca5a	native		Neotropical region		
3c984d40-3232-4c10-a477-e4959458c13a	native		Nearctic region		
8b28f574-9720-4c01-8fe7-efff8baa59c9	native		West Palearctic region		
48d87af4-e375-49ef-b259-53e459740534	native		Neotropical region		
c59137d2-17e1-4c2d-895f-1fa965e68128	native		Australian and Pacific regions		
05ec06b8-7413-4f4c-b1dd-dbf6ba4fdba7	native		West Palearctic region		
bb6227b1-dbdf-47f7-83e0-17d4dbb12396	native		East Palearctic region		
77a85976-b412-4029-ab8c-de69331617c7	native		Australian and Pacific regions		
9d6c65db-0e82-4362-81e1-3b3dd8c46da6	native		Australian and Pacific regions		
bd934d0d-d2c4-439b-892a-524006de03b5	native		Nearctic region		
69375339-557a-4a93-a128-8a5fddbcf373	native		Neotropical region		
92aa60ab-0d61-4602-9670-cc8f88f3da3a	native		Australian and Pacific regions		
d99bb489-1438-4708-8138-dbbbcf2fac9b	native		West Palearctic region		
557a360c227ac32b5001df23668b7c94	native		Neotropical region		
439d24a4-3e90-469d-9381-7c0b3cc4edac	native		Afrotropical region		
21081276-e256-400b-88d5-5f320e602457	native		East Palearctic region		
2ba2fecc-7650-443d-8c57-88f078142087	native		Afrotropical region		
845cbfa9-dea3-40ee-9d5d-0164c0c283ee	native		East Palearctic region		
cd60d253-c2a2-4e4b-a016-6df1190cff93	native		Nearctic region		
47940381-5a82-4d04-aa83-a1b1149c948d	native		Afrotropical region		
3a19f68a-ae9a-4bea-89df-0ef25e908c7c	native		Nearctic region		
3be4a8a5-b08c-4793-a1db-fea2de6394c4	native		Neotropical region		
a18861f7-1482-4b6e-bcdc-8e7604ce9974	native		Nearctic region		
993389b3-7035-4010-b6d3-6d45ecbbde4a	native		West Palearctic region		
cfd56c47-fadf-4acb-9e85-e86a0a5c8ced	native		Australian and Pacific regions		
e721c149-39de-4d9a-bf91-07c53b2f6d00	native		West Palearctic region, East Palearctic region		
c2b2cb42-37ab-4800-ae7e-42571cd807b0	native		Oriental region		
de16becd-4ed2-4729-9888-dec9b7116fb2	native		West Palearctic region		
9a69675d-f329-4b51-8346-4d20d2d6f7cc	native		Oriental region		
22bc7db9-2fa1-451d-87bd-d8262b231dc8	native		West Palearctic region		
acbda507-1a05-416e-8e71-75e4d1f91967	native		Afrotropical region		
9a081ced-92ab-48ed-8f68-32cff4c4346c	native		West Palearctic region		
f7640fec-bd3f-463f-bb33-9bae504e38c8	native		Afrotropical region		
7bcd6481-b3df-44dc-b1fc-79ab5dbfca3b	native		East Palearctic region		
ff15644c-cc5a-4537-bad5-06fd3e72cf7f	native		Australian and Pacific regions		
92298c12-9952-4d02-83ff-3a9073612ffa	native		Afrotropical region		
79c2abfc-0923-4288-bdb8-edcb42018a39	native		West Palearctic region		
4ce7c797-e1a0-4aec-8817-3de90a51eda4	native		East Palearctic region		
6e8938ae-58de-486b-a2e7-c5cb84feeb20	native		West Palearctic region		
fac1815f-03c7-4f88-ba6e-46e29eea5ca3	native		Afrotropical region		
f6748e64-cf2b-4e69-8c50-98c85de5848a	native		West Palearctic region (fossil)		
bd5dca61-7b9e-440d-b7ef-f1b6a0a1d12c	native		Afrotropical region		
7c45251c-cc97-426c-b48f-1129d0bf4348	native		West Palearctic region		
e9163190-1680-4692-8c2d-14fc5bd967a4	native		West Palearctic region		
d18a754e-1323-48e9-ac68-3664fd40d0a3	native		West Palearctic region		
e4f327f7-3780-41fb-83b9-d74bb8ab10d3	native		Afrotropical region		
8c81c479-794b-40c3-81b4-9f01069a4feb	native		Afrotropical region		
d9dff701-7180-42aa-9073-000215c54df6	native		East Palearctic region		
08e3464e-480e-49e1-9d22-8a01b16ce4f8	native		Afrotropical region		
c577c338-7b08-41f1-9cf9-e93ae1df4b1b	native		West Palearctic region		
c1503beb-1a2e-40be-988f-b4ec232d0038	native		Afrotropical region		
31335c65-465a-49ab-92e7-bbc39c03ed6f	native		Australian and Pacific regions		
e471dc88-59db-4729-981a-5ac31e0a6bae	native		Oriental region		
d60d9d8a-05f1-46a8-b39e-31ec7243f76c	native		Neotropical region		
16618fa7-1f2e-48bd-86c6-66fe32cd97ec	native		Neotropical region		
ac0bcb1d-caa5-415b-a29c-dbe70d2a09cc	native		West Palearctic region		
5af84828-4052-4c95-9367-43633410f425	native		West Palearctic region		
6eb3f59d-65a8-4337-a59d-a9ad6f0514c7	native		East Palearctic region		
b9eba097-acdd-4200-8af2-aca39ec43168	native		West Palearctic region		
76cfdecd-f77b-4b04-9b62-65101540cd8d	native		Neotropical region		
5eee23e8-fa68-4136-8809-e92ff94b00c1	native		West Palearctic region, East Palearctic region		
769e89fb-b6b8-4b67-846b-87adb62f11db	native		Nearctic region		
7594030d-9381-48e0-a5e9-23608c550a31	native		West Palearctic region		
8573e687-b455-4de6-af00-1f05a2f0fc4a	native		Afrotropical region		
ca026def-5f93-4431-be7a-fbff39a76a97	native		East Palearctic region		
dd3d1627-500d-48d8-8394-a670b24d4f1a	native		Neotropical region		
025fe5f1-3353-4286-9545-68de6ba23873	native		Neotropical region		
be4f876d-fbdb-4f3b-a9b2-ab7d3bc701b1	native		Neotropical region		
fa645970-1bcb-419e-9e0b-c01097ebaa09	native		Neotropical region		
89d53680-e6ad-4e90-a1f2-0ad8cef0b1e8	native		West Palearctic region, Afrotropical region		
15371960-9514-45ce-bc39-9fc5c8e242b9	native		Afrotropical region		
2f75ec8c-6bea-45f8-a1d0-8bed86792426	native		East Palearctic region		
cdb4839e-5101-4f53-adda-254a00d33b4e	native		East Palearctic region		
b9d83cb3-1fb3-4ca0-bdeb-f014229c148e	native		West Palearctic region		
9b93d48d-fc33-4568-a55c-45d175eae358	native		West Palearctic region		
10dfb0fa-0976-4043-8ae9-e44700ae74d3	native		Nearctic region		
0b8482d5-5d3a-4b38-a5cd-7b20d2762549	native		West Palearctic region		
b5a87b4a-bb84-4958-9a94-1e5773b9ca22	native		Australian and Pacific regions		
63b24ab3-bdf0-41bf-a80e-0bdf6cd1a0d6	native		East Palearctic region (fossil)		
1d88a521-5c91-47b9-a99b-ec3e19388bc2	native		Neotropical region		
3519889e-3367-4d0c-a58c-cddffd81d1f0	native		West Palearctic region		
af7d1118-955d-4623-81e8-10e5822d1bde	native		Australian and Pacific regions		
e1ab2b2d-e70f-4dfe-82b6-dc483f99f505	native		Nearctic region		
6a6402ca-ac85-4539-9a70-f4ca8d41d68b	native		Nearctic region		
0ff2cfa4-61a5-4608-8842-88e50507a368	native		Nearctic region		
3173813d-04ea-47fb-b755-eb64cc36eae0	native		Neotropical region		
a87bde67-7c02-4a35-bfef-3801ba36ccbf	native		Neotropical region		
f13bf182-ea48-4192-a87e-56122c06d607	native		West Palearctic region		
c169e003-2c73-45c7-b3f2-bb7be5e05a23	native		Neotropical region		
1d48a8f0-adfd-45c0-98eb-be12d04ba5cf	native		Nearctic region		
4f9c4dd1-09c0-4c11-8bdb-783ee34ed36d	native		Nearctic region		
59608249-2ca5-495c-bc98-bff74444c4ef	native		Afrotropical region		
444f9ca7-aae5-4539-9b50-dea9fd920f29	native		West Palearctic region		
d0bf18b1-7825-4700-af86-423638147523	native		East Palearctic region		
0d284870-b77c-449b-9873-ddd38c01512c	native		West Palearctic region		
a3748a12-b6fe-4ed3-a84a-e9a847622502	native		West Palearctic region		
d736f8e1-56c3-4578-944e-8ef2e16dbb25	native		Neotropical region		
9cef30fb-24d7-4dab-828a-7728917d80b3	native		West Palearctic region, [Nearctic region]		
026d3210-c884-488b-a2b8-7e330f532318	native		West Palearctic region, East Palearctic region, Oriental region		
01802bca-d233-40c3-ac85-ccf305832d78	native		East Palearctic region		
4de1b51c-74f4-453c-81f6-8c5588fea8cc	native		Neotropical region		
a363817b-87f1-4f97-8d39-4ca45b01d317	native		Australian and Pacific regions		
de8519e3-1afb-4273-96b3-ae0e99a773f8	native		West Palearctic region, East Palearctic region		
ced8c0b3-ced5-452a-93d2-191b244d30ec	native		Afrotropical region		
9c39c3fc-2bbd-4c57-896f-2e5ce6df100e	native		Nearctic region		
1c79c9ae-54f1-45c0-b71e-7507a191a616	native		West Palearctic region		
5761d688-136d-4e64-b453-a8f0d08e8ece	native		West Palearctic region		
2470071a-51f4-4fe4-bda7-e515781818a9	native		West Palearctic region		
f4d5a93b-9420-4c00-8502-2548f751e8ae	native		Australian and Pacific regions		
3b027616-38c9-4c8e-bea6-78df7885ff70	native		East Palearctic region		
456d82bf-1b6d-4030-a2db-1a2feaee651d	native		Neotropical region		
4a12829b-a590-4625-a2fb-fb1916658af0	native		West Palearctic region		
72073b12-c37c-4f11-af10-8612f2a431aa	native		Oriental region		
0a0188ea-0a8b-40f8-8550-381de66ba571	native		East Palearctic region		
2778c19d-f9be-421c-ae7a-bef3d5534492	native		Nearctic region		
6cf924d2-adf1-405d-8486-6dab57faf6cc	native		West Palearctic region		
8a869de7-6629-49e4-9522-815a880736f6	native		West Palearctic region		
7dcb7239-3828-481f-a94b-8cfe3d7e130b	native		West Palearctic region		
3d007401-0c54-4eb4-b3a6-b3ce2e1496a5	native		West Palearctic region		
139989f0-96d1-434e-ba2a-c356d9ac8ae0	native		Neotropical region		
664c6968-fb2e-470c-9d08-e9556bba4a75	native		Neotropical region		
df8258ba-89af-4a4a-9a6b-e8afcb130702	native		West Palearctic region		
743acb0d-90de-4eb0-b42a-31396e64a324	native		Australian and Pacific regions		
dbbfe841-d4be-457b-adf7-b49506a3eee7	native		East Palearctic region		
1afb8973-6e92-4214-9a7c-0344ffb331f5	native		West Palearctic region		
ef29eeec-68b5-4d9d-b298-262d9235e35c	native		East Palearctic region (fossil)		
7dbd6c85-f2fe-41e0-bc54-6e4d8e9a16f4	native		East Palearctic region		
fc0742e4-3068-438f-ba51-4c95eeb6bda1	native		Afrotropical region		
ab3c4806-be5e-4a6b-9d84-8d45bdce9944	native		East Palearctic region		
b9e3fc69-acec-4f4a-ac6e-78804e95fe52	native		Neotropical region		
dccc7411-5334-4223-854d-ca9de2427def	native		Neotropical region		
374a15bc-a352-4c89-b727-1f33ed331467	native		Neotropical region		
a99a132e-1e3b-47b1-89b3-cc643c6d54e3	native		Oriental region		
c3d3c451-9df1-4db9-b80a-d346e5e64897	native		Neotropical region		
dc71a85d-777f-4bb0-97dc-7fcabc7c2b6b	native		Neotropical region		
94e09342-a962-4d87-a1fa-92df89542975	native		West Palearctic region		
ddbc6e9f-25d5-4e24-ad3e-705eb2b6b217	native		East Palearctic region		
db5f8f73-1056-48a5-937e-3d2d7bdb0c0b	native		East Palearctic region		
47570a3a-0f43-4591-83fc-2412652725f3	native		West Palearctic region		
b399cd41-64ee-499f-be6d-d43f67a8d343	native		West Palearctic region		
d8eefca2-eb4b-4c56-baaf-ecf2c81bf740	native		Afrotropical region		
637b4510-bc18-4029-8287-c863994036bb	native		West Palearctic region, East Palearctic region		
52222353-791b-4e32-aaf5-4867a0579d3d	native		Afrotropical region		
2cc9629c-9675-4521-988e-873b284157a7	native		Australian and Pacific regions		
e2d103ba-b21e-4f78-9ae5-ba212703ecb9	native		Oriental region		
4de45195-7e98-4e67-ab94-d01c8688f879	native		Australian and Pacific regions		
1d296a4c-c3d4-43e7-90c6-eeec01576a6a	native		West Palearctic region, East Palearctic region		
70e01bda-013d-4e92-97fd-c71c412844c9	native		West Palearctic region		
9c7752a2-5a17-4e5a-a68a-b540dcb664fd	native		Neotropical region		
76e927d4-560c-4d2f-a2a8-472503cc21ca	native		Afrotropical region		
e954111b-d15b-4cbd-8ad4-b14f3c9ee7af	native		Australian and Pacific regions		
a9d8ef12-af4a-4b25-a5a5-f4a4e6554d8a	native		Oriental region		
01c8d1b0-d671-4e41-87ee-622d56417e30	native		Neotropical region		
999c0778-3f98-44c9-966a-0a2585b6f73a	native		Afrotropical region		
4f481ac9-1162-4479-91dd-0c0b60cd5f35	native		Nearctic region		
8930e147-46c4-4ca8-8fc0-7219cf1696e5	native		Nearctic region		
674d82f1-34c4-4c44-a725-e97465bc79ea	native		West Palearctic region		
72a29855-632a-4a11-8f13-5ea27350ef6a	native		Neotropical region		
301a4026-bc11-4ade-bf8d-b44901d1401d	native		Australian and Pacific regions		
20c22954-6bc8-44d8-8a2b-830eea874c67	native		Neotropical region		
c87086a4-7d1b-4dc9-8ccd-a49080fa49f3	native		West Palearctic region		
18b72871-f476-4e65-a7b4-005f3abf5b5c	native		West Palearctic region		
5aeeb674-90d4-4ea8-ba7f-28724bbab7d2	native		Neotropical region		
ff9e351c-9881-4efe-8620-177a29219209	native		West Palearctic region		
ad297bcc-0b62-4b26-bba4-800677c120ad	native		East Palearctic region		
81f3fa51-f74f-4708-8fc7-e9cb974f6451	native		Nearctic region		
b49c4a43-a588-4369-b183-a7e1fc961077	native		Afrotropical region		
0a64b0d9-05d5-4449-9586-b5ff8c4264c7	native		Afrotropical region		
6dd181a0-54a8-4806-b0bc-2da99644e4ab	native		Neotropical region		
51313505-50f4-4c7a-adfa-955363273cb5	native		West Palearctic region		
79905db7-4e41-4e9c-b8c0-27f2960252e2	native		West Palearctic region		
92fed8ec-c7fd-463f-958e-cbde8519e06b	native		Afrotropical region		
49e36daa-9308-4222-a6aa-9cc7459d06e9	native		East Palearctic region		
1ce1d734-c850-4430-b99d-aaef541a1ca4	native		Afrotropical region		
1681dcd3-f556-406d-ad42-f33d2ca2b386	native		Neotropical region		
cb508524-0a6a-4b36-8ad6-cddeefaa4f84	native		Nearctic region		
294a557ed26f9d1945b68dc0261a4c91	native		Neotropical region		
1d7669c6-ad07-42a2-883a-82910f245e36	native		Afrotropical region		
5c6359d1-4f93-4dd9-9ac8-ac111c852bda	native		Neotropical region		
64f358b8-8515-4cf8-a7a9-dad8136fd9ff	native		West Palearctic region		
e3df4124-2b0e-4a1d-a4ca-de9c7f527c13	native		Neotropical region		
76f75ec4-4e87-4422-9028-35f191931091	native		East Palearctic region		
9703d4c2-8a63-4369-9436-05ef320e0de7	native		East Palearctic region		
54019a8d-cc32-4485-a360-c4dd96914980	native		West Palearctic region, [Nearctic region]		
fca22581-15f9-4947-a169-68207e022419	native		East Palearctic region		
802aa5ec-93e0-4691-a4e3-8d317ff69bbb	native		Neotropical region		
57921577be9d54487c97f4565d05790b	native		Neotropical region		
b23ce3a4-bff1-41e6-a168-b01e26154a6b	native		West Palearctic region		
f905a270-3b2e-4b89-8f6b-fc9c79b04dcf	native		Afrotropical region		
e6e1d3be-a6b7-44ac-96e5-1fc6c5297d95	native		Afrotropical region		
a2dbe5d1-2ac4-4c9c-a623-1fd7203f67bf	native		West Palearctic region		
bb4db1c7-3135-41d2-ac3b-66ac9fa75b9a	native		West Palearctic region		
40a3ec97-a874-4d82-a758-b169ee4923f6	native		Oriental region		
ba913589-81f2-47ff-87c2-b38c4be7f40a	native		West Palearctic region		
96b3ecf7-b423-422d-932c-f6596c44a87b	native		Australian and Pacific regions		
96123a05-09ab-43fc-abda-d37539d83e54	native		West Palearctic region		
08a30d55-61c0-4138-9f37-c930c89c1de0	native		Nearctic region		
3c3bd739-1a12-46a1-9498-907adf93c474	native		Australian and Pacific regions		
99b84ced-3420-404b-98be-99cf158f5236	native		Afrotropical region		
8974a4e1-6bb5-4695-86fb-aa53e6b50192	native		West Palearctic region		
cd2e2cc8-03a8-4ab3-8afd-018eda16dea2	native		East Palearctic region (fossil)		
e8926e95-1284-47a5-a00e-4370d9dda552	native		Afrotropical region		
