dwc:taxonID	gbif:isExtinct	gbif:isMarine	gbif:isFreshwater	gbif:isTerrestrial
bd0deebe-c1e0-4c93-823a-ef7ee3adb8ce	false	false	false	true
c44bd076-6949-4dbe-8361-dc941fd98dfe	false	false	false	true
afbea042-9702-42cc-a01c-47819e8a5f8f	false	false	false	true
a2a296b3-1f67-4692-8864-5a5bb4853d51	false	false	false	true
9e9f7a7e-ddc8-42d3-a2ac-258d63d99b57	false	false	false	true
8d9c47cf-0e2f-468a-88fd-478a74430306	false	false	false	true
8efb1e4b-756c-46be-870b-f82d9f3b5613	false	false	false	true
8f043b97-449f-434f-ae3d-9088f5858ea3	false	false	false	true
e631478a-f2f7-45f5-856d-a2061b0f4528	false	false	false	true
e187e91a-ca7b-4ebf-bf1c-720674859415	false	false	false	true
e2d103ba-b21e-4f78-9ae5-ba212703ecb9	false	false	false	true
d796f0ce-d1b6-4477-8329-5d400016445b	false	false	false	true
c71f0606-f3d7-4b22-9683-1a5a8df0f234	false	false	false	true
c70e8c5e-01f4-4c50-bb4c-f4bc39943c5e	false	false	false	true
0dbdfbea-a01c-4705-8c10-7e94b13fdfde	false	false	false	true
0a64b0d9-05d5-4449-9586-b5ff8c4264c7	false	false	false	true
0a501577-39f9-4808-b3cd-880f9625e157	false	false	false	true
fb0e1d2f-1d5b-4776-a609-4dcd60807b88	false	false	false	true
fbef238f-5b6c-4bdf-ae33-ec73c8fea43b	false	false	false	true
575792a1-9f16-4f72-8149-3f5550008d17	false	false	false	true
13a0a0c2-c660-4255-86b4-265d3a085dbc	false	false	false	true
786ee0e8-b458-4062-9263-1e095315b43e	false	false	false	true
78eca4b4-2cf4-4e1f-83ae-0679f7b5fcc2	false	false	false	true
7b464c77-80ed-4475-b972-7f975b1fff45	false	false	false	true
4290a975-59f3-45a9-86a5-ac4b2f3fba34	false	false	false	true
470996e7-b329-4e22-b8e7-a042c04732d0	false	false	false	true
4ce7c797-e1a0-4aec-8817-3de90a51eda4	false	false	false	true
39609180-6085-4cdc-958a-c0abc42ee39f	false	false	false	true
92da20f4-1bb0-410e-b833-36990665b8be	false	false	false	true
af7d1118-955d-4623-81e8-10e5822d1bde	false	false	false	true
06fac8d1-ac4f-419a-b87b-426e290165ee	false	false	false	true
5fd01d75-5552-4b50-87fe-71b80483138e	false	false	false	true
8563ffdd-b836-438b-a04f-d0986942569e	false	false	false	true
4de45195-7e98-4e67-ab94-d01c8688f879	false	false	false	true
3ea062ac-0ebd-45b8-992e-77be5ef84f20	false	false	false	true
b00ec052-1763-4557-8200-c9df944d7f03	false	false	false	true
999d8047-f959-47c0-a567-c75cba493326	false	false	false	true
958faf18-6620-4650-af5d-5ae58acc0aa4	false	false	false	true
d61d4bcb-8f76-4ac2-bc55-8feb1b0a056e	false	false	false	true
ca4b69b0-40be-4eec-8cac-d883b8703cfd	false	false	false	true
246c4a8c-27c1-4c54-b38e-3f6025f85df6	false	false	false	true
1c35ce87-db7d-4bf0-badc-3130f56a5a7f	false	false	false	true
1ddc8bd9-db4c-4125-baa9-c93657b4cf9a	false	false	false	true
bd78af5b-7f62-45bd-9203-e5e03ec53be6	false	false	false	true
bd850bd0-72b6-46c4-bd51-488ca49f65ce	false	false	false	true
ae035d2c-70bd-4e12-870e-5f9af17e589e	false	false	false	true
c5757a5d-dfa5-4129-9f25-707b6ede8951	false	false	false	true
b0f0a1d7-22a1-4696-b62e-6dbde6d67f14	false	false	false	true
b853c0f5-56f9-40c6-874f-9893c0ee4ddf	false	false	false	true
c3a13a90-d3d7-4290-9da2-752c657e60d3	false	false	false	true
c2b2cb42-37ab-4800-ae7e-42571cd807b0	false	false	false	true
a8e57aa5-e340-4c9b-b231-d430e6bffb0d	false	false	false	true
a99a132e-1e3b-47b1-89b3-cc643c6d54e3	false	false	false	true
a5a29c2f-344b-4326-ad0b-42522477fc66	false	false	false	true
a87bde67-7c02-4a35-bfef-3801ba36ccbf	false	false	false	true
abd11dc0-1787-4917-8a42-231c533c4933	false	false	false	true
a9d8ef12-af4a-4b25-a5a5-f4a4e6554d8a	false	false	false	true
a1a7d762-b44e-4a23-a1db-1afed9862551	false	false	false	true
b9e3fc69-acec-4f4a-ac6e-78804e95fe52	false	false	false	true
a30ced1d-15db-4285-845b-941a34ab818a	false	false	false	true
a496ce4f-75b8-40f8-b882-5640e69dbfd4	false	false	false	true
99dc4cd9-6487-4f6a-8312-dfd71e459c73	false	false	false	true
9acc1d7c-657c-4e03-912d-3cf252aa52c2	false	false	false	true
9b560fc7-5eef-495a-ad1b-94c2ee511b67	false	false	false	true
908a4007-ce07-4421-b7ab-003865da4695	false	false	false	true
965721c7-f211-47bb-a701-8ed6ad54f777	false	false	false	true
9614fd44-8d3a-4ef2-a162-22f502398418	false	false	false	true
8be9a981-979b-4028-a039-3ffb8705bd31	false	false	false	true
8c5a66c3-d283-438a-b647-1f99ab80a709	false	false	false	true
8cf65b4d-6d03-4e99-8c7a-deab21843b0d	false	false	false	true
8d5070de-875e-4f0e-a10d-1a34f6188996	false	false	false	true
8eb75ef5-895b-4aa7-bb1d-644e1abdca5a	false	false	false	true
8f6d6bff-e5f3-481e-b7b3-be1bd92e95e8	false	false	false	true
b7d9dddc-8fd8-4cd7-9ab4-3691c61e9c7f	false	false	false	true
ebdd0b66-6754-408a-91c8-a2e7c54d7fb0	false	false	false	true
eeac1676-412e-4937-a47f-5d54cd313050	false	false	false	true
ea5d42e1-505f-4bf7-bf38-e46085728b67	false	false	false	true
e2252cc7-af93-45ab-ab88-8709d3979cbf	false	false	false	true
de805fa5-9e9f-41e2-862d-6a75e3e32d69	false	false	false	true
df9dbbeb-ad9e-4d85-8da9-12aba2120bb3	false	false	false	true
dd3d1627-500d-48d8-8394-a670b24d4f1a	false	false	false	true
d8eefca2-eb4b-4c56-baaf-ecf2c81bf740	false	false	false	true
d87bf7bd-c51b-405e-b37f-c50049f546c1	false	false	false	true
d6553145-b56c-4fab-aab6-4d502dcb819e	false	false	false	true
d1c05912-3d4a-4c43-9049-3c0d6b559d51	false	false	false	true
cd4b6caa-62b2-4a6e-9e27-b647c12c33b4	false	false	false	true
4f1b5a85-32be-4efd-a38c-8c7a63814dfb	false	false	false	true
4f6b1435-b5d8-4032-8862-882efa2b9c35	false	false	false	true
01c8d1b0-d671-4e41-87ee-622d56417e30	false	false	false	true
fbf7360e-05b3-4f05-b758-23a123b6b8a3	false	false	false	true
fcc1f7e9-73e4-4f51-8c5c-33d0c24ad2b5	false	false	false	true
f905a270-3b2e-4b89-8f6b-fc9c79b04dcf	false	false	false	true
fadb7e9e-05f8-40f7-8950-26e38ef968a8	false	false	false	true
fec5165b-6cc7-4ee6-b8ba-5d00c4371295	false	false	false	true
f550b83e-2e69-49ed-ab48-4dab88213481	false	false	false	true
f8082dcf-a354-4730-9d5e-5baca27766c6	false	false	false	true
f893e98f-f84f-461b-813e-c28c5b8b6ea2	false	false	false	true
f8736474-5abc-41bd-bdc4-ac431afe9ec1	false	false	false	true
f6e176ed-a9f3-4e50-8795-8efde6c748c8	false	false	false	true
5b37bba0-21b5-44f7-8519-e850df61fce9	false	false	false	true
0e24dd0b-139e-4a8f-a90e-a6854b0ddbf6	false	false	false	true
115ce3e2-a2f2-408e-a627-33dc6a0188b3	false	false	false	true
139989f0-96d1-434e-ba2a-c356d9ac8ae0	false	false	false	true
149da486-98b1-4e41-9d6a-c3932c653be3	false	false	false	true
545993a7-520e-4cc5-a290-fcb1dba64983	false	false	false	true
53693b0b-ef92-4832-8a16-8975d5729ce0	false	false	false	true
52ee5aa2-8b15-4bdd-9bcd-0dfbbbe8cf8e	false	false	false	true
53364d8f-c3f3-4631-9638-a504e9c9ba87	false	false	false	true
663242ec-89ed-4169-8a73-44ccde903492	false	false	false	true
664c6968-fb2e-470c-9d08-e9556bba4a75	false	false	false	true
6bf86df1-9e7d-4033-8322-8fb7e74287c0	false	false	false	true
6dd181a0-54a8-4806-b0bc-2da99644e4ab	false	false	false	true
69375339-557a-4a93-a128-8a5fddbcf373	false	false	false	true
6987e102-6123-4fd4-aa9b-efd276d9e222	false	false	false	true
69dc8776-2989-4a95-bb1d-2e57adc1b6a6	false	false	false	true
1f5b9f44-ff48-4d3f-8ee9-5873870bbd0d	false	false	false	true
205c5e92-139b-4772-988c-7ef039897af5	false	false	false	true
1d0a9d69-563d-45c9-815d-1e4615999a80	false	false	false	true
1a04a2a9-8a1c-4bb1-81a8-aee886700373	false	false	false	true
1a391111-4fd7-4017-8943-1311029c554e	false	false	false	true
1be8b3fb-5684-4402-968f-7b68737142c6	false	false	false	true
15599b0e-4d28-4d5a-948b-755720ace970	false	false	false	true
14cd77de-9dfb-4749-ab25-4b9c3be2027e	false	false	false	true
1681dcd3-f556-406d-ad42-f33d2ca2b386	false	false	false	true
16618fa7-1f2e-48bd-86c6-66fe32cd97ec	false	false	false	true
2ff6b8e2-e2b1-4e1a-a00f-2370b95b5140	false	false	false	true
3173813d-04ea-47fb-b755-eb64cc36eae0	false	false	false	true
31cf389f-dfe6-4621-81aa-863ce0bf6156	false	false	false	true
313dc8b6-5691-416f-8e0a-2dec167f4ce4	false	false	false	true
2b9ea34d-c97f-427b-a1db-3da367d0e71a	false	false	false	true
2f68841b-9908-4d0f-84c4-6d01924a3482	false	false	false	true
28d8702d-be9a-48b0-9a52-891f4851119b	false	false	false	true
407bd0cb-44b9-45a3-bcf4-ee02c849f7d5	false	false	false	true
40a3ec97-a874-4d82-a758-b169ee4923f6	false	false	false	true
41f8aaec-96e8-4031-8860-3cb1df665c44	false	false	false	true
3ebb13e6-6419-4421-8bac-f4dea9e375b2	false	false	false	true
3f87a9d6-79b9-4371-9713-852250b99f7c	false	false	false	true
3d457f20-269a-4457-8467-086323bd281f	false	false	false	true
3bbcfe94-eee5-4e32-9141-8cb6c9d6e230	false	false	false	true
3be4a8a5-b08c-4793-a1db-fea2de6394c4	false	false	false	true
3a5a2c41-554f-4ff0-8520-35afd2c25f9e	false	false	false	true
379dd1ba-431c-438c-92cc-d3b932107be4	false	false	false	true
321dbdbc-3de9-4b14-ad29-3bcebc416bbc	false	false	false	true
025fe5f1-3353-4286-9545-68de6ba23873	false	false	false	true
48d87af4-e375-49ef-b259-53e459740534	false	false	false	true
4887fade-0748-4925-bfeb-3e1b96c86ee2	false	false	false	true
456d82bf-1b6d-4030-a2db-1a2feaee651d	false	false	false	true
45e48468-a8ae-4abc-af4f-ef7097d3a638	false	false	false	true
43bee33d-7a1e-4744-9b99-875ba2ff65e8	false	false	false	true
431d11fa-ac01-443a-8dde-28d8d5f9157f	false	false	false	true
80dfabba-73c9-43cd-be4b-95d40fb1e1f2	false	false	false	true
7e83f489-f8c8-4b5a-ae00-8bbc28d5f51d	false	false	false	true
7d47acc2-98bc-4806-82f1-e551e373dd3e	false	false	false	true
86cce496-40ab-4c60-ad3b-ac5ba9cfadcb	false	false	false	true
85f7fb93-185e-44a3-be04-3dab1346452a	false	false	false	true
85358099-b222-4aea-9783-b5d961f7ad3e	false	false	false	true
8250e6aa-7e73-4da3-8fb1-20c3e85a8ea5	false	false	false	true
72a29855-632a-4a11-8f13-5ea27350ef6a	false	false	false	true
74b33b3d-e8fd-4fea-8dd8-34383a9546b2	false	false	false	true
72621a12-90b3-4060-b51a-10b8ed58fb2d	false	false	false	true
6f8de4ca-06a3-4d1a-8005-4d8cb0e18159	false	false	false	true
79263e17-7764-4701-8540-6ffd696c48e9	false	false	false	true
62dd97f3-059b-4be8-b907-cfb595e7003b	false	false	false	true
5bcb1e01-45e0-4405-92d1-9607d06df47e	false	false	false	true
5c04ac74-d5ef-442c-8650-9559553f2013	false	false	false	true
bd7eb0cd-8cf3-42ca-9915-75083bf0a751	false	false	false	true
be48ea87-85e8-4437-aaa7-4c24e8cfb374	false	false	false	true
be0be897-fc1c-4820-8b70-06124e08559a	false	false	false	true
c1503beb-1a2e-40be-988f-b4ec232d0038	false	false	false	true
a88ea1cd-5ddf-4ca2-9eb0-dcbf3c861366	false	false	false	true
aa6c7a33-d74a-47dc-8620-779eaa541ce5	false	false	false	true
abdb9a41-eb2d-465b-b986-c50c47249700	false	false	false	true
9cb5d2f7-d175-4468-be7f-ae63eaa0ab53	false	false	false	true
b5105f60-c290-438d-b157-530338b83e01	false	false	false	true
f0440bdb-9ff3-456a-a52f-2cf5de577fd1	false	false	false	true
f2b13896-1c8c-47c5-a8d1-d2c25504d1d2	false	false	false	true
e524b0ad-6095-426a-8289-95ddc8381ca5	false	false	false	true
e3649b31-d17f-4d60-b232-6dd7cc83c5d0	false	false	false	true
dff041a6-35fe-4cfa-b3c8-e240fd08d466	false	false	false	true
dc5f97a7-870b-4c8f-8418-7939c8fed2ac	false	false	false	true
cfd56c47-fadf-4acb-9e85-e86a0a5c8ced	false	false	false	true
52a48ae8-e747-4c7d-898d-6a7fce892bc9	false	false	false	true
7864c4b4-f6d1-46c0-af4e-6292b6f7aaa0	false	false	false	true
82a56fc8-e096-4b4b-895c-05641dbd94a1	false	false	false	true
83847f49-7c0e-433b-a308-a21d9643a350	false	false	false	true
819f128b-2bd3-4237-b04e-45cff022295d	false	false	false	true
3b685f08-1a5a-4fbf-8758-e44f8534c5aa	false	false	false	true
2b706f55-11e0-4947-a923-6e94f134f50f	false	false	false	true
301a4026-bc11-4ade-bf8d-b44901d1401d	false	false	false	true
17353177-9c1e-4fcd-b1dd-9b1bf80e316a	false	false	false	true
14a8a9b8-81fb-4b60-a91c-da5dbc65d551	false	false	false	true
22bc7db9-2fa1-451d-87bd-d8262b231dc8	false	false	false	true
bcba274a-0d4d-4237-a6e9-ad7169aa9a25	false	false	false	true
aacde9da-b56f-494b-920a-dd04b7aad0ef	false	false	false	true
8cc9bed9-2fd2-4a03-be18-87788998ed77	true	false	false	true
0a982516-70e0-4429-b994-a7ffe6c39675	false	false	false	true
f560f036-51e2-4193-8183-eb3cee139616	false	false	false	true
113148ce-41e8-4a78-baab-743e01e3dcdb	false	false	false	true
424ff4b6-4d05-47ed-b79f-afdf89e20bec	false	false	false	true
3f2c65d0-294d-4cfc-bef2-04502ad1b056	false	false	false	true
165a25f9-b8dd-4892-89ae-c4985d8d50cb	true	false	false	true
c59137d2-17e1-4c2d-895f-1fa965e68128	false	false	false	true
aa0cfe0a-722c-43fc-b7e6-3c104c5f9c08	false	false	false	true
92aa60ab-0d61-4602-9670-cc8f88f3da3a	false	false	false	true
e954111b-d15b-4cbd-8ad4-b14f3c9ee7af	false	false	false	true
d4bdba75-0355-4679-9da7-71df1c9b2ba6	false	false	false	true
cdcf792d-e456-4bef-b062-8b7fa6f0bf19	false	false	false	true
59e72914-4694-4d0e-ab6e-94c2ac3d80c2	false	false	false	true
52476076-aeab-4f44-ac2d-c7adb630fcb8	false	false	false	true
60b3077d-0134-4957-8476-44b5aea786d4	false	false	false	true
2ac0a418-9999-4eec-8903-378b7ef2fab4	false	false	false	true
31335c65-465a-49ab-92e7-bbc39c03ed6f	false	false	false	true
195638f8-0581-4d17-a7b4-5de4d01f67cd	false	false	false	true
bbe5941f-89bc-4a1a-ba4e-b9f198f98bc2	false	false	false	true
ad297bcc-0b62-4b26-bba4-800677c120ad	false	false	false	true
a49dcdcd-3ad9-4708-8df8-a02e5d3d74aa	false	false	false	true
e95cbb75-6a88-4639-8611-54cad85f8950	false	false	false	true
e1ab2b2d-e70f-4dfe-82b6-dc483f99f505	false	false	false	true
e1b1acfb-53ed-4a48-81a3-293af873cd02	false	false	false	true
d5dea6db-af24-45bd-b6c0-2d1304e13af7	false	false	false	true
cb1c45fc-a984-4786-89a8-4beac2094010	false	false	false	true
c7f5a843-182b-48aa-b8ff-1d03fe824c8f	false	false	false	true
c6fd2e4e-11fc-462d-86b2-fe50bacdabb0	false	false	false	true
0c6e1d4d-7b4a-45bb-ab31-a3f51521add8	false	false	false	true
01802bca-d233-40c3-ac85-ccf305832d78	false	false	false	true
f9f0223b-f4c2-4f71-9d95-0a10a9f6a384	false	false	false	true
f8bdb251-16a2-417a-9bce-be25075acecb	false	false	false	true
0ff2cfa4-61a5-4608-8842-88e50507a368	false	false	false	true
769e89fb-b6b8-4b67-846b-87adb62f11db	false	false	false	true
220fd3d7-a809-48d3-9fe4-2bde14230614	false	false	false	true
afb1c4a4-03c2-46fb-85bf-24105b9e3523	false	false	false	true
af233389-fd8c-46e7-b19c-9c6812222d43	false	false	false	true
ae613a90-7837-4d2f-a7bf-c2166fe8553b	false	false	false	true
ab2890fc-2190-4619-9875-1e5469e5036f	false	false	false	true
ab3c4806-be5e-4a6b-9d84-8d45bdce9944	false	false	false	true
a09a2dc8-7a60-49c7-8ad8-90a70205c1d0	false	false	false	true
a3748a12-b6fe-4ed3-a84a-e9a847622502	false	false	false	true
9a081ced-92ab-48ed-8f68-32cff4c4346c	false	false	false	true
9ee5689e-23d1-497b-8073-69726c7b6fe6	false	false	false	true
8b6bd569-1460-423c-8e9c-0cd31c26a30a	false	false	false	true
8d01048b-115f-4a0a-b763-8df20d37e69a	false	false	false	true
e92dc450-78b6-434e-aecf-5c85ca3107b1	false	false	false	true
d7fdc370-1dd5-44ee-9ff7-a6b78ebcfdbe	false	false	false	true
d462b34c-255e-4e2d-baaa-3ac3fea22b58	false	false	false	true
d01d1d15-ec21-4984-985c-01b8857d9923	false	false	false	true
cdb4839e-5101-4f53-adda-254a00d33b4e	false	false	false	true
cd3dbc79-5ee2-45b9-96c5-362e920e1fdb	false	false	false	true
c9e4278f-360f-4fa0-87fd-012f346b3df9	false	false	false	true
0d07040b-03ae-4ef8-a05b-3d95c9dfe4e9	false	false	false	true
58e81e98-c088-4fc5-9a5c-7b70211b3a32	false	false	false	true
51313505-50f4-4c7a-adfa-955363273cb5	false	false	false	true
64f358b8-8515-4cf8-a7a9-dad8136fd9ff	false	false	false	true
6cf924d2-adf1-405d-8486-6dab57faf6cc	false	false	false	true
5cd43a23-eef8-47c8-83ca-7a3e76aafb78	false	false	false	true
63ad7d07-7b2f-4a1a-a79a-88867cbed5f8	false	false	false	true
62345843-1ca7-4c11-a20e-4aba669da1e6	false	false	false	true
71d3e3bd-f733-4981-a97a-4c588b2587d0	false	false	false	true
82cd2d2f-f8a2-455b-9ae8-faa21ca1520b	false	false	false	true
898831ac-e735-437f-992f-f4698c6ab249	false	false	false	true
444f9ca7-aae5-4539-9b50-dea9fd920f29	false	false	false	true
4ab011f8-dcfc-44ec-b20c-bab682017f97	false	false	false	true
37363e4a-486c-4e34-b772-151ed1e00d08	false	false	false	true
3519889e-3367-4d0c-a58c-cddffd81d1f0	false	false	false	true
3fd6f3e3-1e73-4ee1-923f-e154cdbecb2d	false	false	false	true
24e9d578-4287-4bb7-98db-2b8c335c76eb	false	false	false	true
2c49d76b-15c1-45d5-a08b-81910bfb61f6	false	false	false	true
18b72871-f476-4e65-a7b4-005f3abf5b5c	false	false	false	true
1c79c9ae-54f1-45c0-b71e-7507a191a616	false	false	false	true
1c4001c8-5415-4a4e-8743-baadda92d916	false	false	false	true
2050900d-abda-4c8b-b942-a30d5f325df7	false	false	false	true
ae15e3ad-eeb4-43c1-af35-4b8dacc885a8	false	false	false	true
91333468-6ea5-4b0e-a043-56eb52116215	false	false	false	true
96b3ecf7-b423-422d-932c-f6596c44a87b	false	false	false	true
ea8498cd-7463-4e76-bf38-b44bc719c063	false	false	false	true
0855de37-0cc3-4c79-822e-c55b89f8f9e0	false	false	false	true
75ab7b09-91e0-460c-a03b-f0f28e16e4d4	false	false	false	true
73c3f28e-3de7-44eb-b54c-1f26823d1a98	false	false	false	true
bf7485b5-7559-46fe-b196-a4ff8cda9535	true	false	false	true
95ba2df4-10ee-4d30-a849-92ae94dace6b	true	false	false	true
ef29eeec-68b5-4d9d-b298-262d9235e35c	true	false	false	true
f1011422-e2f8-447e-8459-e8b5de5bc09c	true	false	false	true
ce358419-b62a-4fd1-b52f-8b791d112ba7	true	false	false	true
cd2e2cc8-03a8-4ab3-8afd-018eda16dea2	true	false	false	true
f6748e64-cf2b-4e69-8c50-98c85de5848a	true	false	false	true
544c5959-8891-49d3-a579-c476decd128f	true	false	false	true
5b2475be-90ed-46f9-8dea-7a8d99d9a288	true	false	false	true
63b24ab3-bdf0-41bf-a80e-0bdf6cd1a0d6	true	false	false	true
876410b1-1829-4fde-b2f4-49fb81d23345	true	false	false	true
4e093337-8afb-4aeb-ada7-2e5120b4c4f0	true	false	false	true
37889e3e-9bfb-4ffb-bf08-26ed4a81bb21	true	false	false	true
3cbb554d-2372-410f-a2ea-b6c7aed9142e	true	false	false	true
2b3be469-1035-45f3-95a5-b4d924601f25	true	false	false	true
1594f370-d642-4977-afe9-f74530be34f5	true	false	false	true
ad771557-2720-4f33-a344-867ad2bb1770	false	false	false	true
922d6a9e-3221-4ee6-ac6d-9c7767e73b87	false	false	false	true
e7b839e8-2fe0-4a84-90ea-5a7feebb28fb	false	false	false	true
de74c114-5042-4e01-bde4-4e977e853844	false	false	false	true
0809b6c0-6c66-4f8f-8206-e6453f27597c	false	false	false	true
5af84828-4052-4c95-9367-43633410f425	false	false	false	true
0fc53c7d-0626-4bac-972f-961043900fc0	false	false	false	true
54019a8d-cc32-4485-a360-c4dd96914980	false	false	false	true
672d9811-9ea2-46a5-8a29-4affb7dfff09	false	false	false	true
476a303a-2e84-4ff8-ad79-2422fd77e7ee	false	false	false	true
3cfa4da2-3eae-48cd-bef9-e5e9500ae25d	false	false	false	true
41c1306c-3f1c-4675-b2d5-1df0a27961fd	false	false	false	true
264c9c4f-5ee4-4bef-8117-ba6ba5097235	false	false	false	true
241201f5-71c5-42a8-bc5f-06dccc0e8520	false	false	false	true
3172e009-6b09-4640-a2e9-8f693172ca3d	false	false	false	true
1698f8bf-7469-4d39-9889-854290b72f58	false	false	false	true
c3d3c451-9df1-4db9-b80a-d346e5e64897	false	false	false	true
9aa469e0-c524-47a0-8466-fa43b4091441	false	false	false	true
802aa5ec-93e0-4691-a4e3-8d317ff69bbb	false	false	false	true
a0cbd02b-ce2f-42ba-9485-e53782bfaf1b	false	false	false	true
f0d96c27-a35e-44e2-8725-df3bc6786a7a	false	false	false	true
9e1d525b-81e3-4405-b1b3-e9e1a1320d41	false	false	false	true
5e8c2fdd-e463-4af2-a5b7-cbd4bccee12b	false	false	false	true
c3491490-b86c-4feb-949d-b7e6750817bd	false	false	false	true
a87ef465-5f13-44c3-8286-42705cc181ce	false	false	false	true
99cceba0-af28-4bec-aa78-b740556870a7	false	false	false	true
9a15e503-88ae-401a-b76a-f5094e8e2316	false	false	false	true
9bf21103-e282-4f61-9f4b-872c062c02d1	false	false	false	true
96123a05-09ab-43fc-abda-d37539d83e54	false	false	false	true
8a869de7-6629-49e4-9522-815a880736f6	false	false	false	true
b7ace73f-838d-4a22-aecb-3af92316597f	false	false	false	true
b2c100a1-4557-4c15-9a1b-fed4594277e9	false	false	false	true
eeffe5d7-0ab0-408f-8b84-9b5f6d68841e	false	false	false	true
eddeeddd-d9a8-44db-9032-8f1cb6fe69eb	false	false	false	true
e69b3359-77e4-4e39-8dc9-093a28138419	false	false	false	true
e0ef6bee-700d-4fb8-8244-a34e00ad673c	false	false	false	true
daf2c2ae-5c13-4de0-8fe7-18b766b1e51f	false	false	false	true
0d69256b-9270-44b4-ae0f-1e5c36f4b8df	false	false	false	true
00408494-c1dd-40e3-9534-15980f59db19	false	false	false	true
f90e3a9a-1e6d-49b2-bd22-fb74a4714bfe	false	false	false	true
f5daeb42-2a87-4ea6-bc8c-98c25940ae3c	false	false	false	true
f7f7caa4-0e31-4e22-8e9a-8ae5a0b491aa	false	false	false	true
6560c7fc-a640-4334-aa70-31006858f4f5	false	false	false	true
755eeb8b-e9c0-4c4e-a024-5fa91986ab55	false	false	false	true
7594030d-9381-48e0-a5e9-23608c550a31	false	false	false	true
77c25561-131a-4242-8b89-58300255a4a6	false	false	false	true
79c2abfc-0923-4288-bdb8-edcb42018a39	false	false	false	true
70e01bda-013d-4e92-97fd-c71c412844c9	false	false	false	true
70b383d8-737a-4b74-b18b-6bc0d0c7877a	false	false	false	true
887cf461-e2f6-418f-b350-b6f6a8c5c8d9	false	false	false	true
81661003-d91d-40dc-8e78-2eedbf38a89e	false	false	false	true
4c0240d5-66d0-4bd0-a8cd-4db93df5b7e1	false	false	false	true
331ca37f-f213-425e-8834-b1d96b464d21	false	false	false	true
3365c04d-c7a1-4b6d-9e8c-700f5f7f84d4	false	false	false	true
2470071a-51f4-4fe4-bda7-e515781818a9	false	false	false	true
2977cbf8-6232-405e-8ee1-9f08a9051637	false	false	false	true
30e93482-7f1f-46b1-9181-477acfaff289	false	false	false	true
19d10fdd-1a20-4b77-9064-98530cb44691	false	false	false	true
20aa6fc8-8e95-41c2-a8ed-1f354d77c1a5	false	false	false	true
b7660f9f-d3c4-4c6f-929c-81fb6658049a	false	false	false	true
b28d47ba-4de3-4b78-aba2-c10b33bcb40d	false	false	false	true
d7bc488f-5ccb-43a2-9ca4-42653dc53998	false	false	false	true
822fa40d-7310-49d9-92a8-9a5fb174753d	false	false	false	true
bd05719c-6285-4fee-9df6-3ff1b74b91fa	false	false	false	true
b23ce3a4-bff1-41e6-a168-b01e26154a6b	false	false	false	true
c6a71255-84fb-4820-97a4-5ed76efbde0b	false	false	false	true
b0c6b771-1ea5-4356-90bf-215db088afd9	false	false	false	true
adb2ec91-9d71-4e5b-abaa-c10746bafc4f	false	false	false	true
aa0b3162-1354-4da7-a6cf-6961901075db	false	false	false	true
a5ec39fb-1529-48bc-b6ec-c119aab2e1cc	false	false	false	true
9f4b24ad-e914-4e1a-a54b-e24ce5f10c5f	false	false	false	true
b9d83cb3-1fb3-4ca0-bdeb-f014229c148e	false	false	false	true
9b93d48d-fc33-4568-a55c-45d175eae358	false	false	false	true
9bbb5be2-1d72-43f3-8465-ed4b2e17f4f6	false	false	false	true
9677e5ab-6f32-4308-9f00-62ee9fa37340	false	false	false	true
8b28f574-9720-4c01-8fe7-efff8baa59c9	false	false	false	true
8f7abb52-9b8a-4b77-8bd6-6d50993a019e	false	false	false	true
9050dc48-75a2-42c7-bf6f-064de22e165e	false	false	false	true
b94bb1b5-1197-4be8-9793-e49a6f13de3e	false	false	false	true
b56828f9-9918-4921-948e-8ed72395c45d	false	false	false	true
ebf8e013-9736-47ff-9156-bd2ea9c30db0	false	false	false	true
eb8e7e45-fc21-479d-80a2-0aaef221d10e	false	false	false	true
eb39c77e-58c0-4802-8585-f22e81868dc1	false	false	false	true
eec74f41-4e4f-412e-8d96-6873378a314c	false	false	false	true
e918d39b-43c8-4d29-89d1-fb9164b1572f	false	false	false	true
e702f4c1-1775-409d-b249-e905f7a69c2c	false	false	false	true
e25f1034-1f3e-4e6f-b232-b635c0a346f7	false	false	false	true
e32691ab-b040-44a5-8c04-6ff90a41e956	false	false	false	true
de16becd-4ed2-4729-9888-dec9b7116fb2	false	false	false	true
e0bb41c2-ff1f-4ba8-8b3d-4a4fdc4699c6	false	false	false	true
dc6396d9-602f-4e46-b9a5-96e92586a203	false	false	false	true
dd6734d8-47dd-4849-a812-978c1b312a8a	false	false	false	true
d7597525-425a-4a7c-bb4f-f285e6beac77	false	false	false	true
d76a7cea-0e26-4502-8437-1859597ac1ca	false	false	false	true
d964b3b4-ab03-4c9a-ab6e-16169f804567	false	false	false	true
d9dff701-7180-42aa-9073-000215c54df6	false	false	false	true
d9a22f77-5899-4cfc-a88c-869f20b84295	false	false	false	true
d3f84751-3925-4a14-a658-6d3e74ad9e4e	false	false	false	true
cd60d253-c2a2-4e4b-a016-6df1190cff93	false	false	false	true
cd0999de-b153-4154-802e-be9aa1296d3f	false	false	false	true
0d284870-b77c-449b-9873-ddd38c01512c	false	false	false	true
0c70a092-a220-4402-950b-dcfbf671a8ae	false	false	false	true
20c7a951-19c7-4b88-8727-cfeaa69c84e8	false	false	false	true
21081276-e256-400b-88d5-5f320e602457	false	false	false	true
215f114f-36b6-4897-bda5-85cfb64cc30c	false	false	false	true
1d296a4c-c3d4-43e7-90c6-eeec01576a6a	false	false	false	true
1e50121e-9235-49fb-bb00-11947a39148c	false	false	false	true
1711a385-7d37-48e5-93ef-4f8aba7a6eb3	false	false	false	true
16ef8098-b4d2-4b92-a3ff-b6b524f40160	false	false	false	true
3094eebf-41ae-4458-a813-6aad6b970900	false	false	false	true
2a498907-0e4f-4da1-aef5-12d19ec38556	false	false	false	true
4014eadd-2977-4317-ade9-c6382671941f	false	false	false	true
35937d6a-6593-4c04-984c-69dddeb31f85	false	false	false	true
35c20f42-3a1f-4eaf-93e5-8e33c260930d	false	false	false	true
372ab1c8-df1e-4d12-a611-86817a4a9da4	false	false	false	true
04b1fde8-a0c5-4afa-a5b8-b9c31cb1030e	false	false	false	true
48429995-76aa-44ff-89b9-ec98ea6ebcf8	false	false	false	true
47940381-5a82-4d04-aa83-a1b1149c948d	false	false	false	true
47570a3a-0f43-4591-83fc-2412652725f3	false	false	false	true
429f4bcf-75c7-499e-883c-194aa85973f5	false	false	false	true
422b7ba4-13d4-40f4-b1cc-7ac96e40385c	false	false	false	true
81f3fa51-f74f-4708-8fc7-e9cb974f6451	false	false	false	true
7db5e0d3-5fe2-479e-84e3-27f8ce4f4058	false	false	false	true
7dcb7239-3828-481f-a94b-8cfe3d7e130b	false	false	false	true
7bcd6481-b3df-44dc-b1fc-79ab5dbfca3b	false	false	false	true
7b0e8d65-dd5b-43a3-a326-b1c23111964f	false	false	false	true
7af0eec5-5ad9-4dd2-9a89-91760bede3cf	false	false	false	true
7b369500-dfd8-4015-a5cd-044060ff10b5	false	false	false	true
7b2a3c7e-a4ce-4503-a4d9-2b128baf9391	false	false	false	true
8944eebb-7a76-48b4-a7b2-b4a90ae7b850	false	false	false	true
8930e147-46c4-4ca8-8fc0-7219cf1696e5	false	false	false	true
8561636b-2fee-4878-8839-38298ecbfd6a	false	false	false	true
847d4307-97cb-420f-9afc-95a23df9572b	false	false	false	true
827d6b7d-59d3-4d92-be7c-9b463470659f	false	false	false	true
703ca028-acb4-429b-b701-89025e2a94e8	false	false	false	true
711c67ee-d4f6-4e17-bd32-57c39778d40c	false	false	false	true
61f40094-a341-4fb3-9619-6d9dff9ca074	false	false	false	true
64700cf5-cf8b-4213-a75e-36033839f364	false	false	false	true
674d82f1-34c4-4c44-a725-e97465bc79ea	false	false	false	true
10dfb0fa-0976-4043-8ae9-e44700ae74d3	false	false	false	true
579e7ebc-f6e8-4370-b499-0881b706c85f	false	false	false	true
563c902c-6d04-4434-9e57-dcb35d1d0671	false	false	false	true
f706793d-0e9e-4b18-bdef-6232ba0d93c6	false	false	false	true
f7a1b76c-9f2d-4aed-b517-5e1b216ba37c	false	false	false	true
f4b8c9d2-a5c8-4b81-9f25-b790e0fe127f	false	false	false	true
f5ba998e-dbc9-48d8-b909-46ee54744dfd	false	false	false	true
fee559a6-0b6a-40e6-befe-556cfcc3a3ab	false	false	false	true
ff9e351c-9881-4efe-8620-177a29219209	false	false	false	true
01a602a5-34f7-44e8-ab4d-dd6f1b2e55ac	false	false	false	true
0a0188ea-0a8b-40f8-8550-381de66ba571	false	false	false	true
091865e1-2bb4-4a3a-9244-eb5aa37ede7f	false	false	false	true
0a9743e9-8cfa-40e4-bfee-b59aa8b6ba6c	false	false	false	true
bcd4174c-dda2-43fa-bf1f-f1079f2e81ce	false	false	false	true
971e26f3-cc15-4543-9fdc-f251d9fa91bf	false	false	false	true
be58b00d-5261-4043-a8ca-1dd87567e5b3	false	false	false	true
bece8a12-a5fc-4711-9e02-3b5ba2851226	false	false	false	true
bdb90fd1-1a49-496d-ae48-5b8b1a402579	false	false	false	true
bdf6ad71-9363-4e79-ab7d-d2eba726367b	false	false	false	true
bd934d0d-d2c4-439b-892a-524006de03b5	false	false	false	true
aed75f87-2208-4dbe-b6d7-2ba22a5e7b8f	false	false	false	true
c577c338-7b08-41f1-9cf9-e93ae1df4b1b	false	false	false	true
c58b04b9-ee2d-4c26-8203-2653cf0c44d6	false	false	false	true
c4a4a333-2b14-40e2-8846-210912739848	false	false	false	true
afead176-0971-4168-a37d-b8b2fb8f5827	false	false	false	true
bfb8db6a-ed87-4c73-a1e6-a0e1b8c585f5	false	false	false	true
c13f482e-fa5f-40b7-a741-134c552c440a	false	false	false	true
c0223b70-6605-474f-99f9-701c5cad906a	false	false	false	true
ad7aabeb-d1a6-4612-b370-0d009d64ab18	false	false	false	true
b8c5a0d0-c9f0-474c-80bd-e5f731268293	false	false	false	true
b84fc98d-ac95-47f5-bfed-a0ea95605e8a	false	false	false	true
c335fcfa-249e-4d56-892e-521e87c74687	false	false	false	true
c169e003-2c73-45c7-b3f2-bb7be5e05a23	false	false	false	true
c15747cf-03c7-435c-87ce-7f8a3ff3253b	false	false	false	true
c2cb9763-816a-4d66-ad15-a9f4d06595cb	false	false	false	true
c2bee31b-7589-42d5-958b-b402d6215ec9	false	false	false	true
c2e2b72d-ee31-42d2-9dee-246d28399877	false	false	false	true
a8a502bb-02e2-40f2-9e68-c345aae15723	false	false	false	true
a972f3fd-00e8-4090-8231-52b47a12db3b	false	false	false	true
a938826f-808d-4462-906d-fe57fd3eb967	false	false	false	true
a9c1f0aa-893e-4148-b2a6-6905ffd64384	false	false	false	true
a6b012c0-9fa1-4b33-8a90-6e3dc1f12ba9	false	false	false	true
a69f2b05-3f6b-40f5-9219-c0b3801b0cdc	false	false	false	true
a7d6d136-2cc0-4f4e-b697-bbd6e3021e57	false	false	false	true
ac0bcb1d-caa5-415b-a29c-dbe70d2a09cc	false	false	false	true
abeb7dcb-399b-4619-bbd8-b2070c1cee02	false	false	false	true
ac24bac3-b13c-4462-9d5a-b75a8d351247	false	false	false	true
aae2d385534ce5084b7a9b87a94a9470	false	false	false	true
a0981c60-6e3b-4f1d-a5e1-2048b19ad3bd	false	false	false	true
a0ac3e15-7c95-417b-acda-7473ba9e3807	false	false	false	true
a01ac236-a761-4a4c-abe3-179cf155618a	false	false	false	true
9fddcf6c-f4e5-43e3-a810-473cd49f578c	false	false	false	true
a27178a1-99af-4a25-95b7-f285211bc721	false	false	false	true
a18861f7-1482-4b6e-bcdc-8e7604ce9974	false	false	false	true
a13466b1-5bca-4773-882f-1b4927cce732	false	false	false	true
a3ffe6be-feac-4406-9e71-66d63c8fdd00	false	false	false	true
a398f930-3989-4c14-a2e0-4be5470a85aa	false	false	false	true
a363817b-87f1-4f97-8d39-4ca45b01d317	false	false	false	true
a35db979-bd82-403c-9522-aa518be8cec4	false	false	false	true
a2dbe5d1-2ac4-4c9c-a623-1fd7203f67bf	false	false	false	true
a55ece9c-4a2f-4b45-9675-be57b8a020f1	false	false	false	true
a501ccb5-16c0-4f3d-9e82-fdbe8919f867	false	false	false	true
a4ffe3a6-7021-45f3-8b16-58749ad99d47	false	false	false	true
a4e6290d-579c-4e47-a8ba-681c9b3d101a	false	false	false	true
b9eba097-acdd-4200-8af2-aca39ec43168	false	false	false	true
99b84ced-3420-404b-98be-99cf158f5236	false	false	false	true
99b24642-50b2-4d4d-9451-02448e4519b5	false	false	false	true
993389b3-7035-4010-b6d3-6d45ecbbde4a	false	false	false	true
999055b7-9430-4e87-a7a7-839f823ec46d	false	false	false	true
9a22c3c1-76fb-470e-8868-5925530969f6	false	false	false	true
9a69675d-f329-4b51-8346-4d20d2d6f7cc	false	false	false	true
9cef30fb-24d7-4dab-828a-7728917d80b3	false	false	false	true
9d9c5821-b800-47a6-8967-bdc0af121069	false	false	false	true
9d6c65db-0e82-4362-81e1-3b3dd8c46da6	false	false	false	true
9c39c3fc-2bbd-4c57-896f-2e5ce6df100e	false	false	false	true
9f2fbdb0-7c06-4453-a9fc-1ee7f513c970	false	false	false	true
9ef4ccac-88de-4aa5-8653-e5274bad40bd	false	false	false	true
91064eac-18dc-49b6-a82e-8723cb9c132c	false	false	false	true
93f35de9-be31-480f-9504-e23f2ad39f0d	false	false	false	true
94e09342-a962-4d87-a1fa-92df89542975	false	false	false	true
bb59f006-6a55-4815-89e9-289c00f8b82b	false	false	false	true
941105fd-752e-49d6-8705-a268be197986	false	false	false	true
95ca5205-80a4-46a1-94a1-ba9094ca00f8	false	false	false	true
953e50d0-31c2-45f7-9c1f-4ca2db1ff51b	false	false	false	true
9703d4c2-8a63-4369-9436-05ef320e0de7	false	false	false	true
bb6227b1-dbdf-47f7-83e0-17d4dbb12396	false	false	false	true
975a308a-e277-440b-8e59-b401df25e371	false	false	false	true
97d0ceb5-07c6-413a-bf61-c4aa5aae3cdd	false	false	false	true
89d53680-e6ad-4e90-a1f2-0ad8cef0b1e8	false	false	false	true
89f4a105-000e-46fc-bc16-4a20a792b2a6	false	false	false	true
8a6b1148-2e86-43f2-80ed-5357ff63eb52	false	false	false	true
8a55c478-81d9-4c0d-b7f4-bbea75f177ab	false	false	false	true
8a9faf59-937e-40a8-a5ba-54281882d597	false	false	false	true
8bd9fc47-313b-445d-80df-a9a56c8a5fd6	false	false	false	true
8c5a23c1-b753-4234-9d81-e891c0380d69	false	false	false	true
8c81c479-794b-40c3-81b4-9f01069a4feb	false	false	false	true
8ca0248d-8122-4c45-9bf5-6c6dc5f63028	false	false	false	true
8e101fd4-32d5-4c2b-99b2-dacc35a8bebc	false	false	false	true
8f2f6ffc-545c-4006-acd6-8d3f4f7e148b	false	false	false	true
b71352e9-5c0a-4a2b-acac-6ad54b4303da	false	false	false	true
b710e44c-69b6-494d-bdbf-2a0c32819542	false	false	false	true
b642dacd-7a4b-4281-abe7-2f954cf3ec24	false	false	false	true
b56044ae-35c1-45e6-a9c4-a21d6dad45aa	false	false	false	true
b51e410a-a833-41c8-91c3-2c1d5e1dbb09	false	false	false	true
b5c3b9dd-4cc6-47b5-ab0c-639ffbc2ae4b	false	false	false	true
b5f69f79-5fce-463e-8927-3440067176f8	false	false	false	true
bb4828d7-ab5b-488a-bf8b-698451295df5	false	false	false	true
b2f9c811-0039-4a54-84ba-ba5bd7fb3a91	false	false	false	true
b33283c8-890f-43ce-af4b-439ebeb7daee	false	false	false	true
b427a9d7-2994-433b-b244-0420f560c582	false	false	false	true
f032fba6-46fc-4d6e-b695-0d734216faf3	false	false	false	true
f244cbf3-97ba-429b-a1eb-8be77878ebc3	false	false	false	true
f137db95-4bbf-4bf5-b95c-0b0dec373c83	false	false	false	true
f13bf182-ea48-4192-a87e-56122c06d607	false	false	false	true
f1f871fc-5998-4cee-97cb-d088bfb1d161	false	false	false	true
ebebf22f-1574-4bc8-a5ea-b284a0bedbc2	false	false	false	true
ec02d6a5-b6a6-4048-9eea-2fd1a4be8515	false	false	false	true
eafe835f-2d65-4943-850b-10bf3ae9b3f2	false	false	false	true
ee6ac619-e7e2-441d-9e6c-63093cd875f8	false	false	false	true
ec09f255-55f0-4198-89fa-7431de452ac6	false	false	false	true
eded661a-5dbb-4d69-be85-ee76ab2d3579	false	false	false	true
e9163190-1680-4692-8c2d-14fc5bd967a4	false	false	false	true
e7f41263-4ea9-4bfe-b447-d88383ee6464	false	false	false	true
e80ae39d-51c5-4ab9-80d6-fba51c03bec8	false	false	false	true
eaa558cb-29fa-45b6-b800-5ccbe1cb4944	false	false	false	true
ea8600a4-82bd-4a58-bcd0-d1f0cacc82b7	false	false	false	true
ea29145f-f220-4efa-ba23-282dcddc3772	false	false	false	true
e9a68b92-6027-4967-9531-bf05ccfe28d8	false	false	false	true
e61b6738-7e0a-481b-abf3-e545dbd235de	false	false	false	true
e58ebae0-541e-4bf4-baac-62eaa116e796	false	false	false	true
e576a217-aa7a-4ce3-a3e0-419e77470acc	false	false	false	true
e4f327f7-3780-41fb-83b9-d74bb8ab10d3	false	false	false	true
e7ebf1ff-8da5-4c5e-ba35-af4f2b393cf0	false	false	false	true
e721c149-39de-4d9a-bf91-07c53b2f6d00	false	false	false	true
e6b156ca-72b5-472d-a5e2-ab79e260a3fd	false	false	false	true
e332ab8a-a334-4d31-b5c3-793e18cb6ec5	false	false	false	true
d9191fc8-8d04-4c4a-857b-2bef7963243e	false	false	false	true
e4154e47-5f2a-4138-9958-35bc7abbd134	false	false	false	true
e43039ae-e019-4a4c-b7ed-b192e60e85e0	false	false	false	true
e471dc88-59db-4729-981a-5ac31e0a6bae	false	false	false	true
ddbc6e9f-25d5-4e24-ad3e-705eb2b6b217	false	false	false	true
ddaf845a-6b40-42f1-9dcd-a3781427e842	false	false	false	true
de8519e3-1afb-4273-96b3-ae0e99a773f8	false	false	false	true
defec7f4-7fed-49f1-8aac-e3fc8bdcc9a1	false	false	false	true
df8258ba-89af-4a4a-9a6b-e8afcb130702	false	false	false	true
df15081e-73d6-4cab-b744-7182d9aec34d	false	false	false	true
e0878706-f01b-4cf1-9de3-1e7bf061e77e	false	false	false	true
db4f601d-ea6b-499d-92c3-6df2efbdd255	false	false	false	true
daa16e5f85bc10d8ba2458aa7cad9e70	false	false	false	true
dbbfe841-d4be-457b-adf7-b49506a3eee7	false	false	false	true
dbefa873-3efc-4472-a4e9-6f03e45bbbf0	false	false	false	true
db5f8f73-1056-48a5-937e-3d2d7bdb0c0b	false	false	false	true
db9491c0c1ec78decfcc7b3e79f9e342	false	false	false	true
dccc7411-5334-4223-854d-ca9de2427def	false	false	false	true
d702dd23-8c61-49d1-80ed-9acc81c4d7ec	false	false	false	true
d6da7da9-3e4b-4ef5-b7a2-d701eba2664d	false	false	false	true
d9063f81-74e4-4488-bd15-5d0e21c4765c	false	false	false	true
d99bb489-1438-4708-8138-dbbbcf2fac9b	false	false	false	true
d6b29db8-d0ea-483e-8aa2-9d26ab7d28d9	false	false	false	true
d6025e25-47a6-4fd2-8635-5a1fca55a246	false	false	false	true
d4c01be0-fdd2-4bbb-8f0f-c67236152b27	false	false	false	true
d5b2407d-9126-4f77-b5b4-043137fe42d0	false	false	false	true
d4c22504-aab3-4abb-9fe4-322859279d0f	false	false	false	true
d43faa77-89ba-43b2-b898-5484453ce88f	false	false	false	true
d4591ed9-0d02-41cb-9d7a-7adf06591740	false	false	false	true
d2fb4f2d-1ef7-4f0a-8854-b64eeefd6284	false	false	false	true
d33bbeca-bc39-458f-91c1-114b3a9127a4	false	false	false	true
d3bdb950-20e9-46fd-9dbd-d9411474930b	false	false	false	true
d1aa7fde-c996-4632-bf26-c4d3910bcf86	false	false	false	true
d2134139-b5fb-4497-83bf-487aa146ab34	false	false	false	true
d12636c9-84fc-4b68-b3b5-f148908405eb	false	false	false	true
d18af1b1-635a-4176-8e9f-ea314c212080	false	false	false	true
d05263aa-5341-4e8f-aefe-4d95464eee57	false	false	false	true
d0bf18b1-7825-4700-af86-423638147523	false	false	false	true
cf109a3f-262d-4868-92a1-e4b44c8f31ec	false	false	false	true
cf0242c9-bc1c-40c7-bc28-f58d3bcb9d49	false	false	false	true
ce85b42f-e3ae-4e40-8cc9-e8af0f1ac1a9	false	false	false	true
cc9f137f-18e0-41cd-b9a5-6b1c4611b8a6	false	false	false	true
cb6f9f35-f8e0-4c9f-a947-0cc3d381528c	false	false	false	true
cb508524-0a6a-4b36-8ad6-cddeefaa4f84	false	false	false	true
cb125b4a-db75-4bec-8b4a-92d8810e2d6d	false	false	false	true
ca026def-5f93-4431-be7a-fbff39a76a97	false	false	false	true
c8661ac0-3c4d-4c41-a9e5-6705eac7f532	false	false	false	true
c87086a4-7d1b-4dc9-8ccd-a49080fa49f3	false	false	false	true
c7897834-386b-411c-89e0-d3a71b3cdc9f	false	false	false	true
5050e926-18e8-46b6-90d7-dd1fe22e38a6	false	false	false	true
4ec1fdbd-4c04-42ca-85c2-749cc609e848	false	false	false	true
4fa974dc-9560-4c36-a074-789065ad00f1	false	false	false	true
4f9c4dd1-09c0-4c11-8bdb-783ee34ed36d	false	false	false	true
4fc9c5da-9184-4f3b-b2d4-ea735a50e74d	false	false	false	true
4fc07d3b-a78e-47a1-9e0a-364b9ec6f2e1	false	false	false	true
0d3749f1-9333-403d-a0ab-15646e5e205c	false	false	false	true
0d93e55d-cc3f-4369-a9e1-0f332adb6b26	false	false	false	true
0d5613e3-f575-4632-9713-2031314181b8	false	false	false	true
0c21eb9c-8d05-4d68-838e-3cd8d4fdd12f	false	false	false	true
0c3b32e7-81ad-4f8c-aa98-60c39ed3e872	false	false	false	true
0cad2ba3-0442-4dd0-96f6-fdeb8aa716e6	false	false	false	true
0a7553ec-f785-4716-b905-a0f64bb4c8eb	false	false	false	true
0aa73f7c-76f9-4933-9f3a-0955c934b503	false	false	false	true
08e97e80-6e50-41d7-9a0e-8122fa581fc2	false	false	false	true
08e3464e-480e-49e1-9d22-8a01b16ce4f8	false	false	false	true
08a30d55-61c0-4138-9f37-c930c89c1de0	false	false	false	true
0a4af822-29d5-430c-b471-ceb700334100	false	false	false	true
09e4ef92-9eef-4d0d-ba2b-ec2af21e3250	false	false	false	true
07d53fe6-2749-4f8d-892b-527280fd32a6	false	false	false	true
0774ee79-96ea-48e7-9e79-b1ee8865700c	false	false	false	true
07718fdc-b35c-46ee-b802-e229e1b16cdb	false	false	false	true
08715d26-5514-43e0-8c73-0737c0f0d4b5	false	false	false	true
060ca3d1-fafd-4388-b937-c1c8e6f22ba4	false	false	false	true
05f3fc95-f5db-4c67-be75-b593f9962665	false	false	false	true
0743e08d-ea14-42d2-b061-344c45c557ac	false	false	false	true
069d113c-ce9b-401e-a12d-0b7990b14ebc	false	false	false	true
01f2019a-46c0-488f-994f-955228ea348c	false	false	false	true
052d56ac-c03d-46ef-b82d-6d0e2e5db859	false	false	false	true
05ec06b8-7413-4f4c-b1dd-dbf6ba4fdba7	false	false	false	true
fda24719-688d-48f1-a7ba-db79e265b122	false	false	false	true
fae22f8f-ad52-452c-9a25-3c3256e3aa99	false	false	false	true
fa645970-1bcb-419e-9e0b-c01097ebaa09	false	false	false	true
fec106e4-e97b-4a98-ad96-2e7cbe8fbf63	false	false	false	true
fe84933b-9c3a-4a61-9e24-9ffa022ae3eb	false	false	false	true
ffdbb1bf-d560-43e1-9a6f-0227758061c5	false	false	false	true
ff15644c-cc5a-4537-bad5-06fd3e72cf7f	false	false	false	true
f5756c2b-d391-43ab-8249-524d179c45bb	false	false	false	true
f5c8498a-0ad7-4e04-810a-12f9bf9b4be7	false	false	false	true
f606587e-7d37-4beb-885b-3a3081038d18	false	false	false	true
f2fc484e-afa5-4426-b102-bc18f18da3bc	false	false	false	true
f306ef4b-a1f3-4b7e-a1a3-ff9d06bfb537	false	false	false	true
f383d24f-69a7-49c7-82a5-eecece345942	false	false	false	true
f479f07d-352f-4ffa-8871-eac8a96644ff	false	false	false	true
f48d18bc-fe3d-4cf0-87e1-df73f787723d	false	false	false	true
f4a9fe60-9591-479f-9bf1-e3da34b39084	false	false	false	true
f4d5a93b-9420-4c00-8502-2548f751e8ae	false	false	false	true
f7d10958-cb3f-424f-8ef5-358ffd89c172	false	false	false	true
f7de4863-eda1-48b2-afb3-3ac01bcc04d8	false	false	false	true
f61a0268-0f14-4d49-a273-17610a272ba9	false	false	false	true
f788bcc1-48ca-4b0f-8db8-b87990e7927a	false	false	false	true
574082cc-b655-4b0e-86ae-a0dfa741df2a	false	false	false	true
573fd633-19a0-4a18-a5a4-673f87712f39	false	false	false	true
557a360c227ac32b5001df23668b7c94	false	false	false	true
54645a62-45ac-4741-8c5d-b5e3670c962e	false	false	false	true
54bd5b10-f53d-4f92-9c29-e2944e093cec	false	false	false	true
54880b42-d214-4010-be93-12bda81cdcaf	false	false	false	true
5afcd236-00d9-48f1-9cb7-21fb41322745	false	false	false	true
5aeeb674-90d4-4ea8-ba7f-28724bbab7d2	false	false	false	true
58ec4e9d-7bd2-48bc-9ed9-bf8087e49b05	false	false	false	true
57921577be9d54487c97f4565d05790b	false	false	false	true
58a4f490-92f5-4a2b-aab4-4f15a6cdd7b7	false	false	false	true
0e72a007-30b4-4887-bef4-e24216b2d3bd	false	false	false	true
0f9fa79c-3fd0-4004-9c7b-d7c272cedb7d	false	false	false	true
1015c73f-c493-4e9c-9122-f28c613d2305	false	false	false	true
1100957d-38f1-43a0-9273-993b5482d500	false	false	false	true
13a343fc-06c7-45a7-8166-3bba61c28377	false	false	false	true
53d5f16f-cff6-4d44-b6b8-84e999ed2191	false	false	false	true
53b316ba-3f66-4b7a-82c5-40a7bd083ba1	false	false	false	true
51a3a3fa-dc7a-4a44-942c-5a36808a38ba	false	false	false	true
51b2d587-ce96-4fbf-a30c-2f75148c034c	false	false	false	true
5160b98b-3c97-47f0-9284-f0c542210c58	false	false	false	true
677b19a3-120a-4a4c-ab71-e29a181d30ec	false	false	false	true
6794f775-4abf-468d-818f-83b7ebf45a8f	false	false	false	true
68cd9e56-26bb-4840-a06c-9cea7130aa1d	false	false	false	true
65bfa15a-b58c-49bd-bd1e-ebc2e5ab5aad	false	false	false	true
65e2b630-a58d-4666-a2ea-951c380ba351	false	false	false	true
663f9efe-bb6f-4738-8455-036e8fd2bc66	false	false	false	true
6663587e-5afa-4311-86e0-b66bf99298c4	false	false	false	true
6c158620-f164-4461-b9b1-a54042fa4d97	false	false	false	true
6cac9c7e-5c11-4ff0-9cde-668a70ded488	false	false	false	true
6dd1b2e7-ce6a-4dab-9455-7f77753aedc7	false	false	false	true
6de8f56d-8999-4dc2-8ab9-c5290ce47096	false	false	false	true
692b1e25-3aa9-4f1f-bc04-799be60a69ea	false	false	false	true
6a6402ca-ac85-4539-9a70-f4ca8d41d68b	false	false	false	true
6b83ca4f-35c3-47e8-a3ec-3648dd8e7d2e	false	false	false	true
6b8693d2-fd7a-4262-81dd-79266c268f4e	false	false	false	true
5eee23e8-fa68-4136-8809-e92ff94b00c1	false	false	false	true
60389dc1-5524-44a2-a272-4c9399c994cd	false	false	false	true
60186575-a61b-4823-92e5-1605779012a4	false	false	false	true
5d5657ef-3953-48e0-b3bb-23471e56648a	false	false	false	true
5d3e0392-51eb-4795-b2e4-b36a447e27c3	false	false	false	true
5cfdd540-42db-4a69-b344-c63186a3823a	false	false	false	true
62f083e9-254f-4fb9-88c8-85e649436181	false	false	false	true
640115d6-8f7f-4072-bd44-d612bec02afd	false	false	false	true
63c6fa15-c95f-4ca0-87ce-7b1f0cb00e39	false	false	false	true
6140651b-236c-4d80-a1cc-75027fa57e30	false	false	false	true
61b15e3e-f7ea-4b4a-8b8c-8436c2fbabf9	false	false	false	true
609e0ce6-ad43-4efa-8ef1-a795d230bdc6	false	false	false	true
62a37c6f023a46dacfe0952f4f5dcc54	false	false	false	true
757732a4-4896-4a2f-a1dc-adb734c16fb3	false	false	false	true
75b83af9-c478-4b47-937f-c609ee9f0a21	false	false	false	true
761b5ab1-799f-489c-8f1b-ff4a73f4bfe0	false	false	false	true
76f50833-a627-4275-a2f6-674c37ed8ba5	false	false	false	true
774ae5ba-276e-4352-9dd0-2cfa2cade10c	false	false	false	true
7776fa4b-60b7-4024-a8df-7bea309ce798	false	false	false	true
77a314f0-1b2c-4c73-ac61-a8af6f0f1993	false	false	false	true
76cfdecd-f77b-4b04-9b62-65101540cd8d	false	false	false	true
76e927d4-560c-4d2f-a2a8-472503cc21ca	false	false	false	true
76f75ec4-4e87-4422-9028-35f191931091	false	false	false	true
781515a6-9a7c-44f2-84af-62b047c78137	false	false	false	true
77b0a1ee-b1c6-43e0-9f6a-d92e42781c6f	false	false	false	true
77a85976-b412-4029-ab8c-de69331617c7	false	false	false	true
77cecba2-12e3-4809-a801-48c3ac3c78bf	false	false	false	true
7a112ff2-9e88-4e0b-8ec4-ab43691a050a	false	false	false	true
7a11adf9-e6bc-4971-ba3c-703ac86a3af4	false	false	false	true
79905db7-4e41-4e9c-b8c0-27f2960252e2	false	false	false	true
6f3c5c2f3d7dc8b2736f2ca5d829ce2c	false	false	false	true
6f567e1c-ca03-4332-8306-612a0198e3a4	false	false	false	true
6eb3f59d-65a8-4337-a59d-a9ad6f0514c7	false	false	false	true
6ed2c160-d6ed-4ff8-9f25-9ef7aa67168b	false	false	false	true
6e8938ae-58de-486b-a2e7-c5cb84feeb20	false	false	false	true
712e9abc-836d-49df-b118-8904f42693a5	false	false	false	true
70e95a54-061b-4fba-b54b-dc299726bd0b	false	false	false	true
70099b2a-0f4e-4767-8edb-185d7fca2f90	false	false	false	true
72316f67-cecc-4447-bcaf-0d407445a19d	false	false	false	true
72073b12-c37c-4f11-af10-8612f2a431aa	false	false	false	true
71546527-e8ff-4d5a-a9df-b52aa49fb59d	false	false	false	true
7483fb46-6efe-420b-bf75-132f5cf85323	false	false	false	true
748311ee-8497-439f-b377-1781b7753020	false	false	false	true
743acb0d-90de-4eb0-b42a-31396e64a324	false	false	false	true
740329eb-936e-492e-a20b-66821f3ac4ea	false	false	false	true
72ea6473aeacbae6a42c06ddcf06a2d5	false	false	false	true
83a134a2-47e8-4caa-8ab8-a0546a95e4a9	false	false	false	true
83fc9a0d-ce8f-47d7-9388-d0eabbc118c9	false	false	false	true
845cbfa9-dea3-40ee-9d5d-0164c0c283ee	false	false	false	true
846c39c6-34bb-475b-bd7c-0f8d824dc6cf	false	false	false	true
84f9c42d-0e79-4463-8489-e46648be9b9e	false	false	false	true
874657d4-339d-4094-bf13-8bfc6688692a	false	false	false	true
875ae813-1985-4eb4-9a7e-e1a270538577	false	false	false	true
87ec1bf7-b23e-4628-b02b-bb29f98c42e7	false	false	false	true
8940984b-1665-4666-a325-c0ea1d2a60cd	false	false	false	true
7c45251c-cc97-426c-b48f-1129d0bf4348	false	false	false	true
7c943748-0fa8-423d-94fd-132ec93388f4	false	false	false	true
7c5ea4ea-f557-4125-8a55-f1775a84b866	false	false	false	true
7dbd6c85-f2fe-41e0-bc54-6e4d8e9a16f4	false	false	false	true
7d6e6942-d72c-4b6f-850c-b1cfa5f801bc	false	false	false	true
7f28adfc-7db6-4552-aa8e-d74de6703c9c	false	false	false	true
7ed68414-6ade-49a6-bb58-3f65bc36e003	false	false	false	true
800ec070-4b46-48b6-9839-6d6fcca01566	false	false	false	true
7ff25199-a104-4cc4-ba72-9ddfea388429	false	false	false	true
7f78fde2-0445-418d-945b-0a8e895c487a	false	false	false	true
819b44e8-f882-4a41-9521-ecda95f6b72d	false	false	false	true
81ee1f5d-edc3-4c7e-8158-41ab6e8725ef	false	false	false	true
4345fccb-e11d-474f-9a18-d84410e22690	false	false	false	true
439d24a4-3e90-469d-9381-7c0b3cc4edac	false	false	false	true
43c7ba56-f652-403f-8904-e14e8a24b770	false	false	false	true
449d02c1-9384-41b5-b8db-23e2259de1f0	false	false	false	true
456b7cc0-1245-4b93-bd91-6fc467645b3e	false	false	false	true
4653691e-bfeb-45c1-aff3-e78d805bf4a4	false	false	false	true
46539d49-03b0-48a3-b9e0-528aa1daa3ba	false	false	false	true
466ab48b-c3a6-4f90-b39e-803155f648a7	false	false	false	true
467c2135-99a9-412e-83cc-fcf3d660f9bc	false	false	false	true
475e77bb-1eef-42be-9803-d73232646f36	false	false	false	true
48691fde-236f-49c7-8dcc-40d41fd2b063	false	false	false	true
48855511-ae31-4c72-acf2-e645e5a8641a	false	false	false	true
4a838727-2a8e-4ece-9309-077a1c22b1f7	false	false	false	true
4a35f422-8534-4e5b-aaaa-03a43e495665	false	false	false	true
49e36daa-9308-4222-a6aa-9cc7459d06e9	false	false	false	true
4ba585c9-52f6-452f-8d66-46fb10b89302	false	false	false	true
4b8f1fb2-be7c-4191-8a2d-2b314b99d90b	false	false	false	true
4b6c45b2-e4f2-4a12-becb-dd2e3946e8fd	false	false	false	true
4c47371d-45d8-4c88-aa7f-435c094bcddb	false	false	false	true
4c1230ff-d75e-4b10-80ad-8cb525ba880a	false	false	false	true
4d4ec900-7ef8-4f63-9506-b079b25fd45b	false	false	false	true
4d4b2c73-922c-4f75-a7a0-37bae10fc3da	false	false	false	true
4d3c70f5-9779-4973-b6a7-0951a69d211b	false	false	false	true
4d594d70-42a2-4ac9-9fd2-7b79eafb7011	false	false	false	true
4d852435-49d7-4129-9601-76131c9d2966	false	false	false	true
4e53f317-3141-4100-9f05-09bd37fb1a31	false	false	false	true
4e873810-36c0-459f-93b7-a35238384ac9	false	false	false	true
4e22c853-aef0-4fa4-b87f-a079ce2304a4	false	false	false	true
02f1af2d-d493-432f-b6e6-cd152e00ff44	false	false	false	true
02b39bfc-558b-42a6-8d64-9d3a0c4531c8	false	false	false	true
037c2239-d942-4368-aae8-da2e4ba2355b	false	false	false	true
020e56dc-6e27-41cd-9fd5-64fafadf7d4d	false	false	false	true
02943fbd-ba1c-4fe1-bf2a-dba4a6e19998	false	false	false	true
32e5e9a0-c0f2-4810-9acd-9857cd9a4e88	false	false	false	true
3411f747-3525-4bfb-b2e2-ac065b75c6d7	false	false	false	true
32678751-66d8-42ee-96ec-d22ded1188bf	false	false	false	true
3252b204-185f-49c6-a71d-1547e3a73976	false	false	false	true
374a15bc-a352-4c89-b727-1f33ed331467	false	false	false	true
34929588-6fa9-43df-bde6-f88e26365800	false	false	false	true
3403149e-a553-4f8f-a60f-b323d10605b7	false	false	false	true
38521c80-4d3b-4067-ba12-63c7da6e425c	false	false	false	true
389d1812-feea-4fd3-8d51-08d5d6aae77c	false	false	false	true
38b6ffdf-aced-4aa5-848b-34ea017b5358	false	false	false	true
3b027616-38c9-4c8e-bea6-78df7885ff70	false	false	false	true
39f08217-2ecd-44bf-81ba-acd9df0868fd	false	false	false	true
3a19f68a-ae9a-4bea-89df-0ef25e908c7c	false	false	false	true
3a1c9b0b-0b20-4df9-aa8f-2fbd6054e8ed	false	false	false	true
3c984d40-3232-4c10-a477-e4959458c13a	false	false	false	true
3bf8270f-d54f-4b1b-9c6a-e0cf816720cf	false	false	false	true
3e852687-8f1d-4d1b-9bef-b3552054e678	false	false	false	true
3e460264-4c50-4d73-925e-23cb7c4e4416	false	false	false	true
3e306eef-2046-477f-af9c-f0223156a1ba	false	false	false	true
3f7cefde-a89f-457d-9e61-b568368b3ccf	false	false	false	true
1ed10c88-bdbb-434e-80d1-7e355f928f71	false	false	false	true
1efc6892-d72d-4179-a9d9-09fe924121d2	false	false	false	true
2023387a-83b6-4f26-ade6-0fadab2c385f	false	false	false	true
203f4fd9-bfcc-4cd3-a9e3-630b475919af	false	false	false	true
c6d05807-f594-4187-9331-0b8578d60935	false	false	false	true
1d0f7d1f-8920-4c69-b949-205a38894008	false	false	false	true
1d7669c6-ad07-42a2-883a-82910f245e36	false	false	false	true
1d48a8f0-adfd-45c0-98eb-be12d04ba5cf	false	false	false	true
1d88a521-5c91-47b9-a99b-ec3e19388bc2	false	false	false	true
1e3f92ea-ca0e-4b4d-8461-ae09c501d4bc	false	false	false	true
1de5905b-7d63-442a-9223-a726aec0d338	false	false	false	true
c668c501-9aca-463d-bd33-11b9a3ef4e00	false	false	false	true
1a875b06-25e8-44d8-949e-66ef2742a526	false	false	false	true
1afb8973-6e92-4214-9a7c-0344ffb331f5	false	false	false	true
1a5cf2f7-78aa-448b-8abd-d47e45eff78a	false	false	false	true
ba780fb8-561d-474f-b964-e72e97e22738	false	false	false	true
15371960-9514-45ce-bc39-9fc5c8e242b9	false	false	false	true
168aa357-8919-4b77-8afe-588e18c58896	false	false	false	true
17afb596-f1ca-47d6-a721-32e5b5a01377	false	false	false	true
30b50fa0-a347-4833-b909-af66d43a5722	false	false	false	true
2fbf3e37-cb21-4432-a9e5-e9aacb2440d3	false	false	false	true
300e98a1-a188-48c2-a76e-20723cd8a270	false	false	false	true
31b8abe39779144edde263c0231b557e	false	false	false	true
3217884f-40ef-40bf-af23-b2f74622bcbe	false	false	false	true
2c897fcf-8ca5-4374-abd8-af496d0419dd	false	false	false	true
2cc9629c-9675-4521-988e-873b284157a7	false	false	false	true
2cc7089d-4670-4e54-9076-c5e516683dcf	false	false	false	true
2ba2fecc-7650-443d-8c57-88f078142087	false	false	false	true
2bb88733-b6b8-4071-955d-a604d54328da	false	false	false	true
2ecb12d9-f6c3-4292-87f2-298f3a475279	false	false	false	true
2f75ec8c-6bea-45f8-a1d0-8bed86792426	false	false	false	true
2db55593-f0e0-480e-a4b8-bf4ee1bd5f85	false	false	false	true
2e4c9c44-6d41-46fd-99be-5c08b09efbff	false	false	false	true
29b8823c-b606-41ed-af11-a4ca5710cdeb	false	false	false	true
29b916fb-2564-476d-ad68-64b2f533df90	false	false	false	true
298cc3da-a84a-4d93-bdd1-4eac6de16305	false	false	false	true
294a557ed26f9d1945b68dc0261a4c91	false	false	false	true
2778c19d-f9be-421c-ae7a-bef3d5534492	false	false	false	true
2ac5593f-19dc-4bfb-8347-fa12a5fc0fa5	false	false	false	true
29d9867d-bd7c-455b-9105-408b62b8150b	false	false	false	true
24d4a24d-9568-4e9a-8935-45466030d0cd	false	false	false	true
240cf9ef-4896-4848-b3db-cd5f344a0593	false	false	false	true
26913bc4-3bbd-4890-bd60-8edaafbaa1f0	false	false	false	true
26833e4d-53b5-4bc3-aa8c-367670d2ecac	false	false	false	true
25f1261d-7459-40aa-88db-0bf3aa4fe69d	false	false	false	true
25081548-a2f4-4e1a-97d5-e6c90189961c	false	false	false	true
41442650-bd8f-4c19-ba19-922e79feca19	false	false	false	true
41b3d69f-708d-41cf-9fe6-88ecb4e0e43f	false	false	false	true
419d8147-9476-46ae-8c95-908aa9159cf9	false	false	false	true
3f1fd2d2-48c8-48c9-98b3-c8cdaceb7276	false	false	false	true
b1ddea24-6d83-4c56-ae38-980c39ab9214	false	false	false	true
c06429ca-4721-479d-bece-c7eb95e0a5c3	false	false	false	true
abe66c8b-7247-460d-9045-2b341e38027f	false	false	false	true
92298c12-9952-4d02-83ff-3a9073612ffa	false	false	false	true
8cdbaef8-e0c2-49ff-8edc-b1e4783cb834	false	false	false	true
c61efc60-036b-40e9-b435-1dd99c3f7d0b	false	false	false	true
b49c4a43-a588-4369-b183-a7e1fc961077	false	false	false	true
e8926e95-1284-47a5-a00e-4370d9dda552	false	false	false	true
eab32ed1-fa40-4ff4-b679-8c8214c1fe3a	false	false	false	true
e2ee1eee-acfd-4f6c-ad9c-ce25d845e18d	false	false	false	true
d1aa28f7-e0e7-4b7a-a0c8-901e2aac44c4	false	false	false	true
c752ae59-7dd4-4cb8-b11e-839cf60245ee	false	false	false	true
0b3af148-147c-4a50-995a-df0766c23b3f	false	false	false	true
0b3df1d7-598f-4ece-aa81-39cb839fd81c	false	false	false	true
0b8482d5-5d3a-4b38-a5cd-7b20d2762549	false	false	false	true
07ec8500-9444-4cd1-9504-b0e09a675d24	false	false	false	true
fc0742e4-3068-438f-ba51-4c95eeb6bda1	false	false	false	true
566a37db-be38-4bd2-9f99-1b326b328685	false	false	false	true
10fd55a2-9ecd-4b95-8b04-622f07febc22	false	false	false	true
685eb6f1-1421-4035-9e6c-e07a7476f6ba	false	false	false	true
6cc82cdd-276b-4f5f-b716-f069d4834ee1	false	false	false	true
5e33f195-5c88-474b-98fe-20057aa3b224	false	false	false	true
753b0026-8d9a-4ea3-90e0-1c7cac82b818	false	false	false	true
7859c4e5-31f2-4f81-acbf-2d41ad66fdca	false	false	false	true
701d4fde-ba7d-41b8-8e8c-ca18907eb52b	false	false	false	true
71a0a723-d68c-48f3-9469-d9a03d2c5935	false	false	false	true
86ff6b91-2d9b-4bb9-8bae-4ed9d927a538	false	false	false	true
32189821-72b5-4eb0-aa57-8bba0aa9d383	false	false	false	true
394813ba-40e6-49b5-b12e-8afce7024b04	false	false	false	true
3e2d9473-0f8d-4f2a-9e43-1cca0a711ee2	false	false	false	true
2df41ac2-618c-4187-98bc-73396ce9d305	false	false	false	true
2174d937-5709-46a5-879b-312fbec85c61	false	false	false	true
c3940e7f-0ee7-4695-abff-cb85f578879b	false	false	false	true
b790718f-ee9f-4c5c-910c-def63df1caca	false	false	false	true
3c3bd739-1a12-46a1-9498-907adf93c474	false	false	false	true
2a7c9de3-115a-4754-becc-fb4808d7c76f	false	false	false	true
bd5dca61-7b9e-440d-b7ef-f1b6a0a1d12c	false	false	false	true
b24a0b3f-dab4-4c87-bd4f-c29b60b96ada	false	false	false	true
c52c76f8-cd70-40f5-8dd6-5d818befae95	false	false	false	true
c3284eab-af66-47bb-b9bc-d6f71b69f047	false	false	false	true
999c0778-3f98-44c9-966a-0a2585b6f73a	false	false	false	true
9e1821dd-e615-4e7b-a9e5-a8f63457a165	false	false	false	true
8eec8b8c-c8cd-451e-ae89-ee1e044a0eaa	false	false	false	true
b5a87b4a-bb84-4958-9a94-1e5773b9ca22	false	false	false	true
efa4bca4-1b0e-4b9b-a8d0-cde036a8f918	false	false	false	true
f24ab1a9-9d42-41dd-b6ba-e9055437da54	false	false	false	true
eed1ab92-4ddf-4335-b46f-5999729addbe	false	false	false	true
e851e81e-6873-4470-bf95-af4e53922707	false	false	false	true
db571210-0308-4254-977b-d768d6606627	false	false	false	true
dd643f2a-ba09-4515-a55c-344462e674df	false	false	false	true
d6196a60-a679-4b68-b919-d87aef3d7fe2	false	false	false	true
d5c4fc1c-fa00-460d-be18-71a4c9ca1205	false	false	false	true
d34166c8-9dd7-4f70-97ee-6d07ba17189a	false	false	false	true
d0b49214-d999-4823-8f9e-d843440a7ff1	false	false	false	true
060667c8-34e8-486e-97ee-4ae58d9a67f8	false	false	false	true
000e2965-c96b-4bc1-b71f-b8a40cd5cdba	false	false	false	true
fc653780-cf0d-4d14-adec-3349b08eca18	false	false	false	true
fca22581-15f9-4947-a169-68207e022419	false	false	false	true
ffe47214-865e-49bb-ad78-6ee713e998f2	false	false	false	true
f5030ef6-ef34-4b54-8a6d-86f57e4202c0	false	false	false	true
5781ba48-a2bb-4877-94f9-fabdcf75a0de	false	false	false	true
5422fcc9-c3f0-47f3-b065-6dc8eca9b27f	false	false	false	true
52222353-791b-4e32-aaf5-4867a0579d3d	false	false	false	true
674dae03-7c8c-45f4-89bf-0e776d6f79ec	false	false	false	true
686cdd36-411d-43cf-be6c-8fbea9f0a495	false	false	false	true
6273ddd4-fd68-41be-bde8-9a0615844ad5	false	false	false	true
750ea58c-62c5-4a8c-9c51-6ee94f75aeaa	false	false	false	true
7a1118ca-f91b-49aa-9507-41fc10844cba	false	false	false	true
6e959191-5b80-4c92-a3f5-705d6e9049bd	false	false	false	true
7295f485-366e-469c-8d3b-fd1e4ca14848	false	false	false	true
14184ed9-002e-4096-8d05-3b95a3da6a19	false	false	false	true
8702812f-1e4d-4a27-8403-0813aa88d96f	false	false	false	true
8888a28a-5b9d-4a6d-b7ea-e933c6ed5194	false	false	false	true
7bc66d11-d9b2-463d-b0c9-b1ee872e985e	false	false	false	true
7cc5ec90-6bfb-4a6c-a9cd-1cd1f99038af	false	false	false	true
7f642976-e2a8-4528-bd55-fa8f98602c4e	false	false	false	true
4461a747-0ad5-4488-a34b-853f2b419292	false	false	false	true
3785c160-88ab-47f1-8f94-43e26e5fdfd3	false	false	false	true
25044357-6c52-41f5-abd3-cda9e6110487	false	false	false	true
258b8d90-9ae5-43e5-9584-35ebba8d8486	false	false	false	true
2db817e2-4243-41d0-b235-1d7adac2c417	false	false	false	true
2eefdd2f-8661-48f7-8b79-e96d1d581a3b	false	false	false	true
2fff58ba-758b-42d7-a898-e430162bed3b	false	false	false	true
18b6dd63-04e4-4ce4-896a-452a042a0eb8	false	false	false	true
be0b997a-d690-43c6-9fbe-3695f9198a3d	false	false	false	true
b077d51c-fdfc-41a3-a243-38575f0a02f4	false	false	false	true
95be301a-8425-48b9-acc8-122f69d46946	false	false	false	true
8974a4e1-6bb5-4695-86fb-aa53e6b50192	false	false	false	true
bad30d6e-326d-425c-b576-3d15f83b48d4	false	false	false	true
b2de18bd-317d-4be5-94aa-513bcef31730	false	false	false	true
23a8ed8e-8956-42a4-b63f-296a38bd1d88	false	false	false	true
2c32ad06-0ddf-449a-8321-82e8335f016f	false	false	false	true
1823f9ae-fbb8-40e7-9e34-4191490e2134	false	false	false	true
20c22954-6bc8-44d8-8a2b-830eea874c67	false	false	false	true
1f877b8d-97d8-4740-871e-2d8ade737c95	false	false	false	true
bd67b253-199d-4cee-813d-c28e95a4a5e9	false	false	false	true
be4f876d-fbdb-4f3b-a9b2-ab7d3bc701b1	false	false	false	true
ae48188c-9416-4ff8-aabd-59e2abff64e8	false	false	false	true
c4a75cad-2793-4d1a-9efd-32a8505cf6cd	false	false	false	true
b0df2565-be74-4d2c-9868-2533883f8d65	false	false	false	true
c45d5024-a356-4859-aeaa-365264336e72	false	false	false	true
c15b6843-2676-4df5-81c1-16e6abfe4cff	false	false	false	true
a9d1fac9-d8c5-4c55-bae3-70b03ae37207	false	false	false	true
acbda507-1a05-416e-8e71-75e4d1f91967	false	false	false	true
ad1bdd83-81b2-49d1-86cd-6035bd94a797	false	false	false	true
a09dec83-4ce5-4675-833a-8d745cbfdd2e	false	false	false	true
a25c67ba-aaee-4d28-ab9b-387f5921035e	false	false	false	true
9c7752a2-5a17-4e5a-a68a-b540dcb664fd	false	false	false	true
bb4db1c7-3135-41d2-ac3b-66ac9fa75b9a	false	false	false	true
92fed8ec-c7fd-463f-958e-cbde8519e06b	false	false	false	true
9482d9ed-2690-4af5-b071-0499dc5e404f	false	false	false	true
8edff757-c06b-467d-b975-d9a1d6599a79	false	false	false	true
b2dd0353-5e9b-4664-9336-786bde4d54e2	false	false	false	true
b262cde4-a526-405b-a490-4577e8740311	false	false	false	true
f0453d41-d7ca-4625-a1c9-2aa80fe4f2a1	false	false	false	true
f017beba-4794-44e5-b363-515be99c672e	false	false	false	true
f2c763bb-842c-4b40-b4c5-5b74de86e3dd	false	false	false	true
eae8aff5-e3b0-4c6a-af0d-6eede221f7be	false	false	false	true
ee171f41-3f20-49e8-b8f8-e2a1a270925f	false	false	false	true
e63327b3-3544-4a29-9084-a20d9bc34133	false	false	false	true
e4bd319d-22a9-4c20-b86f-5a86ab2c6c21	false	false	false	true
e6e1d3be-a6b7-44ac-96e5-1fc6c5297d95	false	false	false	true
e3df4124-2b0e-4a1d-a4ca-de9c7f527c13	false	false	false	true
def77942-2999-4c77-859d-580fbac14484	false	false	false	true
dfd43778-398c-4579-9ab8-cec8609bb018	false	false	false	true
dfe7cd3c-c935-4ee0-9ec0-26243d1c2d82	false	false	false	true
dc71a85d-777f-4bb0-97dc-7fcabc7c2b6b	false	false	false	true
dcd29798-65b2-4651-85f6-46cd333b2584	false	false	false	true
d736f8e1-56c3-4578-944e-8ef2e16dbb25	false	false	false	true
d9bae25b-d971-40a1-bfde-ec3bc95690b7	false	false	false	true
d60d9d8a-05f1-46a8-b39e-31ec7243f76c	false	false	false	true
d1c12ff1-2188-4381-bdfa-39fdc841e6c5	false	false	false	true
d18a754e-1323-48e9-ac68-3664fd40d0a3	false	false	false	true
ced8c0b3-ced5-452a-93d2-191b244d30ec	false	false	false	true
ca0cce41-76a4-4283-a97e-443ecd9d34a3	false	false	false	true
4fe8fe02-be0a-46a6-9381-f08aab282454	false	false	false	true
4f481ac9-1162-4479-91dd-0c0b60cd5f35	false	false	false	true
0e2116b3-b632-4817-85cd-fee889ec3b26	false	false	false	true
1c84e079-28fd-4f08-a0d3-4dbc075bfc0b	false	false	false	true
1ce1d734-c850-4430-b99d-aaef541a1ca4	false	false	false	true
1e617813-7bc4-4c77-a7f0-91379337addf	false	false	false	true
1a6fc472-4a56-4f37-a1f3-c5f897990451	false	false	false	true
15a8dd1e-2c59-4fb3-adb4-13f1cfe48f36	false	false	false	true
155adfed-ec81-4893-91a7-8df46edb6d5f	false	false	false	true
28e35430-452b-4035-8b88-ff8b9a68179d	false	false	false	true
2a4ccf4a-4a25-4b56-a61e-832f427ab48a	false	false	false	true
24baec64-2ce4-461b-8a50-675e54dcbe1e	false	false	false	true
234496d9-48b0-4b14-8fe9-cc7e3fe8e390	false	false	false	true
3f0794e7-bb9f-4699-9c24-0dbcacc09d56	false	false	false	true
3d007401-0c54-4eb4-b3a6-b3ce2e1496a5	false	false	false	true
3be2ca22-660c-4e26-80b1-a55cb9b20d8f	false	false	false	true
3c64003f-63ea-42d0-a7ef-303d54ae14bc	false	false	false	true
3b3f2d0a-5fef-4b0e-b7ef-5464f6fbb873	false	false	false	true
38466de7-5155-432c-b28e-e91224746013	false	false	false	true
026d3210-c884-488b-a2b8-7e330f532318	false	false	false	true
4de1b51c-74f4-453c-81f6-8c5588fea8cc	false	false	false	true
4a12829b-a590-4625-a2fb-fb1916658af0	false	false	false	true
49e237d1-0358-4d14-a830-9b66ab10f12c	false	false	false	true
4692024c-b9ed-4da3-8793-fc9d9d387276	false	false	false	true
44fbfc27-e8d8-4cd0-a708-a8b9d97e4304	false	false	false	true
811e9889-8936-473b-a801-b4e2494d99d2	false	false	false	true
87863d9b-bb84-4b73-b203-3357a8ad464d	false	false	false	true
86d03c6f-2437-4535-9d46-b7ecae435b91	false	false	false	true
8573e687-b455-4de6-af00-1f05a2f0fc4a	false	false	false	true
724ab16d-b5ed-408a-8ad7-dced6a9101f7	false	false	false	true
6fd4ae96-08f5-42dd-b895-18cf18b2c478	false	false	false	true
7af03591-734b-4cef-9063-7c5597d556c2	false	false	false	true
637b4510-bc18-4029-8287-c863994036bb	false	false	false	true
5c6359d1-4f93-4dd9-9ac8-ac111c852bda	false	false	false	true
5f5f98a6-b711-42ba-b62c-67d8b0569db1	false	false	false	true
5ebcd984-9c22-4b78-952a-721f8b08ac43	false	false	false	true
5f372cb0-1703-4d15-b5d3-c61d1a38ffd8	false	false	false	true
6a20e299-4461-4046-ac24-bdb96b3ce921	false	false	false	true
521cf70c-d86d-45be-8db1-93140b258c2b	false	false	false	true
116908af-3168-41b7-9fae-f59454b04693	false	false	false	true
57f9af29-3fd9-416f-b20b-34a3b7c2320d	false	false	false	true
597b3939-4a4c-4691-a460-4624de1f6852	false	false	false	true
560e8cb5-e7bc-4a99-98a4-c09f6cd4eff4	false	false	false	true
5761d688-136d-4e64-b453-a8f0d08e8ece	false	false	false	true
f7640fec-bd3f-463f-bb33-9bae504e38c8	false	false	false	true
f70a11cb-ed91-4121-9658-26b0c4f7a2d4	false	false	false	true
f72c2f30-39d8-4f54-ac94-669072481856	false	false	false	true
f841c712-1bd1-45b9-a42f-43626b67f9aa	false	false	false	true
fedb44fe-55f2-4093-9456-b36f87ba0100	false	false	false	true
fac1815f-03c7-4f88-ba6e-46e29eea5ca3	false	false	false	true
0707aac1-35a6-45f9-8f1c-d1476532b7b3	false	false	false	true
065f5077-7838-40d2-8ab0-eed663880ff8	false	false	false	true
076b4f0c-1c15-43da-a7ee-f740cbea42ea	false	false	false	true
af8ab946-bbdb-4b74-b330-e233aecd1975	false	false	false	true
8d3d8dfc-b0de-479e-8282-381cb95325f7	false	false	false	true
b399cd41-64ee-499f-be6d-d43f67a8d343	false	false	false	true
e6a7a15c-3ba2-4fd2-9ea3-b52e5c8c6144	false	false	false	true
4d193fe5-1f05-491b-bef4-aa7f0c538420	false	false	false	true
3bc62b79-78ac-4370-88f5-1079efc98cd7	false	false	false	true
30db5718-906f-4647-8c77-cad807a98d1e	false	false	false	true
ba913589-81f2-47ff-87c2-b38c4be7f40a	false	false	false	true
0b15faa2-b1fd-463b-b179-ed31df1b78e9	false	false	false	true
55ddd226-f852-4aa1-bb8e-8d2fcce28055	false	false	false	true
59608249-2ca5-495c-bc98-bff74444c4ef	false	false	false	true
